id,kor
Made_DataSet_0001,ㄱ
Made_DataSet_0002,ㄴ
Made_DataSet_0003,ㄷ
NIA_SL_WORD0001_REAL01_F,고민
NIA_SL_WORD0002_REAL01_F,뻔뻔
NIA_SL_WORD0003_REAL01_F,수어
NIA_SL_WORD0004_REAL01_F,남아
NIA_SL_WORD0005_REAL01_F,눈
NIA_SL_WORD0006_REAL01_F,독신
NIA_SL_WORD0007_REAL01_F,음료수
NIA_SL_WORD0008_REAL01_F,발가락
NIA_SL_WORD0009_REAL01_F,슬프다
NIA_SL_WORD0010_REAL01_F,자극
NIA_SL_WORD0011_REAL01_F,안타깝다
NIA_SL_WORD0012_REAL01_F,어색하다
NIA_SL_WORD0013_REAL01_F,여아
NIA_SL_WORD0014_REAL01_F,외국인
NIA_SL_WORD0015_REAL01_F,영아
NIA_SL_WORD0016_REAL01_F,신사
NIA_SL_WORD0017_REAL01_F,뉴질랜드
NIA_SL_WORD0018_REAL01_F,나사렛대학교
NIA_SL_WORD0019_REAL01_F,알아서
NIA_SL_WORD0020_REAL01_F,장애인
NIA_SL_WORD0021_REAL01_F,열아홉번째
NIA_SL_WORD0022_REAL01_F,침착
NIA_SL_WORD0023_REAL01_F,성실
NIA_SL_WORD0024_REAL01_F,학교연혁
NIA_SL_WORD0025_REAL01_F,싫어하다
NIA_SL_WORD0026_REAL01_F,급하다
NIA_SL_WORD0027_REAL01_F,필기시험
NIA_SL_WORD0028_REAL01_F,병문안
NIA_SL_WORD0029_REAL01_F,검사
NIA_SL_WORD0030_REAL01_F,결승전
NIA_SL_WORD0031_REAL01_F,낚시터
NIA_SL_WORD0032_REAL01_F,낚시대
NIA_SL_WORD0033_REAL01_F,당뇨병
NIA_SL_WORD0034_REAL01_F,독서
NIA_SL_WORD0035_REAL01_F,매표소
NIA_SL_WORD0036_REAL01_F,면역
NIA_SL_WORD0037_REAL01_F,감기
NIA_SL_WORD0038_REAL01_F,배드민턴
NIA_SL_WORD0039_REAL01_F,변비
NIA_SL_WORD0040_REAL01_F,병명
NIA_SL_WORD0041_REAL01_F,보건소
NIA_SL_WORD0042_REAL01_F,불면증
NIA_SL_WORD0043_REAL01_F,불행
NIA_SL_WORD0044_REAL01_F,붕대
NIA_SL_WORD0045_REAL01_F,사위
NIA_SL_WORD0046_REAL01_F,설사
NIA_SL_WORD0047_REAL01_F,성병
NIA_SL_WORD0048_REAL01_F,방충
NIA_SL_WORD0049_REAL01_F,소화제
NIA_SL_WORD0050_REAL01_F,손녀
NIA_SL_WORD0051_REAL01_F,손자
NIA_SL_WORD0052_REAL01_F,수면제
NIA_SL_WORD0053_REAL01_F,수집가
NIA_SL_WORD0054_REAL01_F,여행지
NIA_SL_WORD0055_REAL01_F,예식장
NIA_SL_WORD0056_REAL01_F,올림픽경기
NIA_SL_WORD0057_REAL01_F,회복
NIA_SL_WORD0058_REAL01_F,첫번째
NIA_SL_WORD0059_REAL01_F,운동경기
NIA_SL_WORD0060_REAL01_F,입원
NIA_SL_WORD0061_REAL01_F,재혼
NIA_SL_WORD0062_REAL01_F,진단서
NIA_SL_WORD0063_REAL01_F,축구장
NIA_SL_WORD0064_REAL01_F,치료
NIA_SL_WORD0065_REAL01_F,치료법
NIA_SL_WORD0066_REAL01_F,친아들
NIA_SL_WORD0067_REAL01_F,퇴원
NIA_SL_WORD0068_REAL01_F,한약
NIA_SL_WORD0069_REAL01_F,한약방
NIA_SL_WORD0070_REAL01_F,빈혈
NIA_SL_WORD0071_REAL01_F,화상
NIA_SL_WORD0072_REAL01_F,가래떡
NIA_SL_WORD0073_REAL01_F,고깃국
NIA_SL_WORD0074_REAL01_F,고추
NIA_SL_WORD0075_REAL01_F,고추가루
NIA_SL_WORD0076_REAL01_F,사골
NIA_SL_WORD0077_REAL01_F,배추국
NIA_SL_WORD0078_REAL01_F,꽈베기
NIA_SL_WORD0079_REAL01_F,벌꿀
NIA_SL_WORD0080_REAL01_F,꿀물
NIA_SL_WORD0081_REAL01_F,냄비
NIA_SL_WORD0082_REAL01_F,찬물
NIA_SL_WORD0083_REAL01_F,다과
NIA_SL_WORD0084_REAL01_F,지방경찰청장
NIA_SL_WORD0085_REAL01_F,된장찌게
NIA_SL_WORD0086_REAL01_F,돼지고기
NIA_SL_WORD0087_REAL01_F,두부
NIA_SL_WORD0088_REAL01_F,딸기
NIA_SL_WORD0089_REAL01_F,떡국
NIA_SL_WORD0090_REAL01_F,라면
NIA_SL_WORD0091_REAL01_F,막걸리
NIA_SL_WORD0092_REAL01_F,무
NIA_SL_WORD0093_REAL01_F,밥그릇
NIA_SL_WORD0094_REAL01_F,밥솥
NIA_SL_WORD0095_REAL01_F,보신탕
NIA_SL_WORD0096_REAL01_F,부엌
NIA_SL_WORD0097_REAL01_F,소불고기
NIA_SL_WORD0098_REAL01_F,비빔밥
NIA_SL_WORD0099_REAL01_F,사과
NIA_SL_WORD0100_REAL01_F,사이다
NIA_SL_WORD0101_REAL01_F,달다
NIA_SL_WORD0102_REAL01_F,소주
NIA_SL_WORD0103_REAL01_F,술잔
NIA_SL_WORD0104_REAL01_F,식당
NIA_SL_WORD0105_REAL01_F,쌀가루
NIA_SL_WORD0106_REAL01_F,냉커피
NIA_SL_WORD0107_REAL01_F,양식
NIA_SL_WORD0108_REAL01_F,위스키
NIA_SL_WORD0109_REAL01_F,술
NIA_SL_WORD0110_REAL01_F,용품
NIA_SL_WORD0111_REAL01_F,유리그릇
NIA_SL_WORD0112_REAL01_F,짬뽕
NIA_SL_WORD0113_REAL01_F,참외
NIA_SL_WORD0114_REAL01_F,칼국수
NIA_SL_WORD0115_REAL01_F,커피
NIA_SL_WORD0116_REAL01_F,콜라
NIA_SL_WORD0117_REAL01_F,콩가루
NIA_SL_WORD0118_REAL01_F,통조림
NIA_SL_WORD0119_REAL01_F,와인
NIA_SL_WORD0120_REAL01_F,백설기
NIA_SL_WORD0121_REAL01_F,가죽신
NIA_SL_WORD0122_REAL01_F,군복
NIA_SL_WORD0123_REAL01_F,포켓
NIA_SL_WORD0124_REAL01_F,양산
NIA_SL_WORD0125_REAL01_F,운동화
NIA_SL_WORD0126_REAL01_F,잠옷
NIA_SL_WORD0127_REAL01_F,이불
NIA_SL_WORD0128_REAL01_F,에어컨
NIA_SL_WORD0129_REAL01_F,행거
NIA_SL_WORD0130_REAL01_F,월세
NIA_SL_WORD0131_REAL01_F,전세
NIA_SL_WORD0132_REAL01_F,치약
NIA_SL_WORD0133_REAL01_F,가수
NIA_SL_WORD0134_REAL01_F,체감
NIA_SL_WORD0135_REAL01_F,경고
NIA_SL_WORD0136_REAL01_F,경찰서
NIA_SL_WORD0137_REAL01_F,공식
NIA_SL_WORD0138_REAL01_F,과장
NIA_SL_WORD0139_REAL01_F,관광버스
NIA_SL_WORD0140_REAL01_F,교수
NIA_SL_WORD0141_REAL01_F,교장
NIA_SL_WORD0142_REAL01_F,찻길
NIA_SL_WORD0143_REAL01_F,독일어
NIA_SL_WORD0144_REAL01_F,반환
NIA_SL_WORD0145_REAL01_F,음주운전
NIA_SL_WORD0146_REAL01_F,동아리
NIA_SL_WORD0147_REAL01_F,디자이너
NIA_SL_WORD0148_REAL01_F,마을버스
NIA_SL_WORD0149_REAL01_F,구급차
NIA_SL_WORD0150_REAL01_F,개입하지않는다
NIA_SL_WORD0151_REAL01_F,음주운전
NIA_SL_WORD0152_REAL01_F,사무
NIA_SL_WORD0153_REAL01_F,신입학
NIA_SL_WORD0154_REAL01_F,여객선
NIA_SL_WORD0155_REAL01_F,여행사
NIA_SL_WORD0156_REAL01_F,기차역
NIA_SL_WORD0157_REAL01_F,예술가
NIA_SL_WORD0158_REAL01_F,외국어
NIA_SL_WORD0159_REAL01_F,요리사
NIA_SL_WORD0160_REAL01_F,강요
NIA_SL_WORD0161_REAL01_F,운동선수
NIA_SL_WORD0162_REAL01_F,퇴임
NIA_SL_WORD0163_REAL01_F,의사
NIA_SL_WORD0164_REAL01_F,이력서
NIA_SL_WORD0165_REAL01_F,자가용
NIA_SL_WORD0166_REAL01_F,재택근무
NIA_SL_WORD0167_REAL01_F,연령제한
NIA_SL_WORD0168_REAL01_F,주차장
NIA_SL_WORD0169_REAL01_F,채팅
NIA_SL_WORD0170_REAL01_F,출근
NIA_SL_WORD0171_REAL01_F,코치
NIA_SL_WORD0172_REAL01_F,터미널
NIA_SL_WORD0173_REAL01_F,근무
NIA_SL_WORD0174_REAL01_F,통역사
NIA_SL_WORD0175_REAL01_F,퇴사
NIA_SL_WORD0176_REAL01_F,사직
NIA_SL_WORD0177_REAL01_F,판결
NIA_SL_WORD0178_REAL01_F,평가
NIA_SL_WORD0179_REAL01_F,두번째
NIA_SL_WORD0180_REAL01_F,항공사
NIA_SL_WORD0181_REAL01_F,교통안전교육
NIA_SL_WORD0182_REAL01_F,화상채팅
NIA_SL_WORD0183_REAL01_F,회식
NIA_SL_WORD0184_REAL01_F,교통기본교육
NIA_SL_WORD0185_REAL01_F,후원
NIA_SL_WORD0186_REAL01_F,희생
NIA_SL_WORD0187_REAL01_F,간호사
NIA_SL_WORD0188_REAL01_F,교통법교육
NIA_SL_WORD0189_REAL01_F,계약금
NIA_SL_WORD0190_REAL01_F,고용
NIA_SL_WORD0191_REAL01_F,사업장
NIA_SL_WORD0192_REAL01_F,버스값
NIA_SL_WORD0193_REAL01_F,구직
NIA_SL_WORD0194_REAL01_F,논
NIA_SL_WORD0195_REAL01_F,대기업
NIA_SL_WORD0196_REAL01_F,사육장
NIA_SL_WORD0197_REAL01_F,백화점
NIA_SL_WORD0198_REAL01_F,압류
NIA_SL_WORD0199_REAL01_F,거지
NIA_SL_WORD0200_REAL01_F,수입
NIA_SL_WORD0201_REAL01_F,신용카드
NIA_SL_WORD0202_REAL01_F,백수
NIA_SL_WORD0203_REAL01_F,아르바이트
NIA_SL_WORD0204_REAL01_F,샛길
NIA_SL_WORD0205_REAL01_F,일시불
NIA_SL_WORD0206_REAL01_F,주유소
NIA_SL_WORD0207_REAL01_F,집주인
NIA_SL_WORD0208_REAL01_F,한국은행
NIA_SL_WORD0209_REAL01_F,경찰청장
NIA_SL_WORD0210_REAL01_F,가정교육
NIA_SL_WORD0211_REAL01_F,고등학교
NIA_SL_WORD0212_REAL01_F,고등학생
NIA_SL_WORD0213_REAL01_F,교무실
NIA_SL_WORD0214_REAL01_F,개학
NIA_SL_WORD0215_REAL01_F,교실
NIA_SL_WORD0216_REAL01_F,교육자
NIA_SL_WORD0217_REAL01_F,국어학
NIA_SL_WORD0218_REAL01_F,낙제
NIA_SL_WORD0219_REAL01_F,예절
NIA_SL_WORD0220_REAL01_F,독서실
NIA_SL_WORD0221_REAL01_F,등교
NIA_SL_WORD0222_REAL01_F,맹학교
NIA_SL_WORD0223_REAL01_F,복습
NIA_SL_WORD0224_REAL01_F,분필
NIA_SL_WORD0225_REAL01_F,상장
NIA_SL_WORD0226_REAL01_F,서점
NIA_SL_WORD0227_REAL01_F,학업
NIA_SL_WORD0228_REAL01_F,실습
NIA_SL_WORD0229_REAL01_F,여학교
NIA_SL_WORD0230_REAL01_F,여학생
NIA_SL_WORD0231_REAL01_F,연구소
NIA_SL_WORD0232_REAL01_F,연구실
NIA_SL_WORD0233_REAL01_F,예습
NIA_SL_WORD0234_REAL01_F,유학
NIA_SL_WORD0235_REAL01_F,의학
NIA_SL_WORD0236_REAL01_F,지도
NIA_SL_WORD0237_REAL01_F,재학
NIA_SL_WORD0238_REAL01_F,연구
NIA_SL_WORD0239_REAL01_F,학부모
NIA_SL_WORD0240_REAL01_F,학식
NIA_SL_WORD0241_REAL01_F,훈련
NIA_SL_WORD0242_REAL01_F,경기도
NIA_SL_WORD0243_REAL01_F,경기도
NIA_SL_WORD0244_REAL01_F,경북
NIA_SL_WORD0245_REAL01_F,남산
NIA_SL_WORD0246_REAL01_F,울릉도
NIA_SL_WORD0247_REAL01_F,울산
NIA_SL_WORD0248_REAL01_F,전남
NIA_SL_WORD0249_REAL01_F,청주
NIA_SL_WORD0250_REAL01_F,충북
NIA_SL_WORD0251_REAL01_F,충남
NIA_SL_WORD0252_REAL01_F,불경
NIA_SL_WORD0253_REAL01_F,불경
NIA_SL_WORD0254_REAL01_F,성경책
NIA_SL_WORD0255_REAL01_F,신학
NIA_SL_WORD0256_REAL01_F,장로교
NIA_SL_WORD0257_REAL01_F,일요일
NIA_SL_WORD0258_REAL01_F,축하
NIA_SL_WORD0259_REAL01_F,회개
NIA_SL_WORD0260_REAL01_F,소감
NIA_SL_WORD0261_REAL01_F,장난
NIA_SL_WORD0262_REAL01_F,장인
NIA_SL_WORD0263_REAL01_F,희생자
NIA_SL_WORD0264_REAL01_F,디자인
NIA_SL_WORD0265_REAL01_F,돌무덤
NIA_SL_WORD0266_REAL01_F,쇠기둥
NIA_SL_WORD0267_REAL01_F,동화책
NIA_SL_WORD0268_REAL01_F,목공예
NIA_SL_WORD0269_REAL01_F,문학
NIA_SL_WORD0270_REAL01_F,문화유산
NIA_SL_WORD0271_REAL01_F,음악가
NIA_SL_WORD0272_REAL01_F,예술
NIA_SL_WORD0273_REAL01_F,초상화
NIA_SL_WORD0274_REAL01_F,토기
NIA_SL_WORD0275_REAL01_F,흑백영화
NIA_SL_WORD0276_REAL01_F,공군
NIA_SL_WORD0277_REAL01_F,감옥
NIA_SL_WORD0278_REAL01_F,국왕
NIA_SL_WORD0279_REAL01_F,보건복지
NIA_SL_WORD0280_REAL01_F,고소
NIA_SL_WORD0281_REAL01_F,유권자
NIA_SL_WORD0282_REAL01_F,절도죄
NIA_SL_WORD0283_REAL01_F,수감자
NIA_SL_WORD0284_REAL01_F,총무
NIA_SL_WORD0285_REAL01_F,강
NIA_SL_WORD0286_REAL01_F,달빛
NIA_SL_WORD0287_REAL01_F,장마
NIA_SL_WORD0288_REAL01_F,체온
NIA_SL_WORD0289_REAL01_F,파도
NIA_SL_WORD0290_REAL01_F,하늘
NIA_SL_WORD0291_REAL01_F,가시나무
NIA_SL_WORD0292_REAL01_F,강아지
NIA_SL_WORD0293_REAL01_F,구렁이
NIA_SL_WORD0294_REAL01_F,까마귀
NIA_SL_WORD0295_REAL01_F,꽃씨
NIA_SL_WORD0296_REAL01_F,꽃잎
NIA_SL_WORD0297_REAL01_F,웃는척
NIA_SL_WORD0298_REAL01_F,흡연실
NIA_SL_WORD0299_REAL01_F,무궁화
NIA_SL_WORD0300_REAL01_F,밤나무
NIA_SL_WORD0301_REAL01_F,벚꽃
NIA_SL_WORD0302_REAL01_F,깃털
NIA_SL_WORD0303_REAL01_F,솔잎
NIA_SL_WORD0304_REAL01_F,송아지
NIA_SL_WORD0305_REAL01_F,소뿔
NIA_SL_WORD0306_REAL01_F,양털
NIA_SL_WORD0307_REAL01_F,연꽃
NIA_SL_WORD0308_REAL01_F,참새
NIA_SL_WORD0309_REAL01_F,어젯밤
NIA_SL_WORD0310_REAL01_F,갈색
NIA_SL_WORD0311_REAL01_F,최상급
NIA_SL_WORD0312_REAL01_F,공휴일
NIA_SL_WORD0313_REAL01_F,세번째
NIA_SL_WORD0314_REAL01_F,네번째
NIA_SL_WORD0315_REAL01_F,흙내음
NIA_SL_WORD0316_REAL01_F,금요일
NIA_SL_WORD0317_REAL01_F,급행
NIA_SL_WORD0318_REAL01_F,남부지방
NIA_SL_WORD0319_REAL01_F,식목일
NIA_SL_WORD0320_REAL01_F,방금
NIA_SL_WORD0321_REAL01_F,100만원
NIA_SL_WORD0322_REAL01_F,보라색
NIA_SL_WORD0323_REAL01_F,분홍조명
NIA_SL_WORD0324_REAL01_F,분혹색
NIA_SL_WORD0325_REAL01_F,얼굴이빨개지다
NIA_SL_WORD0326_REAL01_F,사춘기
NIA_SL_WORD0327_REAL01_F,3.1절
NIA_SL_WORD0328_REAL01_F,생년월일
NIA_SL_WORD0329_REAL01_F,수요일
NIA_SL_WORD0330_REAL01_F,10만원
NIA_SL_WORD0331_REAL01_F,어떻게
NIA_SL_WORD0332_REAL01_F,어린이날
NIA_SL_WORD0333_REAL01_F,연말
NIA_SL_WORD0334_REAL01_F,예전
NIA_SL_WORD0335_REAL01_F,식전
NIA_SL_WORD0336_REAL01_F,월요일
NIA_SL_WORD0337_REAL01_F,일요일
NIA_SL_WORD0338_REAL01_F,자정
NIA_SL_WORD0339_REAL01_F,아까
NIA_SL_WORD0340_REAL01_F,진하기
NIA_SL_WORD0341_REAL01_F,검정머리
NIA_SL_WORD0342_REAL01_F,최대
NIA_SL_WORD0343_REAL01_F,최소
NIA_SL_WORD0344_REAL01_F,평일
NIA_SL_WORD0345_REAL01_F,한글날
NIA_SL_WORD0346_REAL01_F,현충일
NIA_SL_WORD0347_REAL01_F,화요일
NIA_SL_WORD0348_REAL01_F,황금색
NIA_SL_WORD0349_REAL01_F,흑백
NIA_SL_WORD0350_REAL01_F,흑색
NIA_SL_WORD0351_REAL01_F,임시협약
NIA_SL_WORD0352_REAL01_F,감금
NIA_SL_WORD0353_REAL01_F,탈춤
NIA_SL_WORD0354_REAL01_F,가명
NIA_SL_WORD0355_REAL01_F,가발
NIA_SL_WORD0356_REAL01_F,가위바위보
NIA_SL_WORD0357_REAL01_F,가족회의
NIA_SL_WORD0358_REAL01_F,가짜
NIA_SL_WORD0359_REAL01_F,서약서
NIA_SL_WORD0360_REAL01_F,간편
NIA_SL_WORD0361_REAL01_F,감옥
NIA_SL_WORD0362_REAL01_F,감옥살이
NIA_SL_WORD0363_REAL01_F,보호
NIA_SL_WORD0364_REAL01_F,견습
NIA_SL_WORD0365_REAL01_F,강약
NIA_SL_WORD0366_REAL01_F,강철
NIA_SL_WORD0367_REAL01_F,개똥
NIA_SL_WORD0368_REAL01_F,개명
NIA_SL_WORD0369_REAL01_F,신경쓰다
NIA_SL_WORD0370_REAL01_F,거목
NIA_SL_WORD0371_REAL01_F,거북선
NIA_SL_WORD0372_REAL01_F,거역
NIA_SL_WORD0373_REAL01_F,거지
NIA_SL_WORD0374_REAL01_F,건장
NIA_SL_WORD0375_REAL01_F,걸스카우트
NIA_SL_WORD0376_REAL01_F,거지
NIA_SL_WORD0377_REAL01_F,휴학
NIA_SL_WORD0378_REAL01_F,휴학
NIA_SL_WORD0379_REAL01_F,회칙
NIA_SL_WORD0380_REAL01_F,결승전
NIA_SL_WORD0381_REAL01_F,경찰행정
NIA_SL_WORD0382_REAL01_F,경비실
NIA_SL_WORD0383_REAL01_F,고아원
NIA_SL_WORD0384_REAL01_F,고춧잎
NIA_SL_WORD0385_REAL01_F,불알
NIA_SL_WORD0386_REAL01_F,황금기
NIA_SL_WORD0387_REAL01_F,골절
NIA_SL_WORD0388_REAL01_F,공식발표
NIA_SL_WORD0389_REAL01_F,맞추다
NIA_SL_WORD0390_REAL01_F,공군본부
NIA_SL_WORD0391_REAL01_F,공범
NIA_SL_WORD0392_REAL01_F,동거
NIA_SL_WORD0393_REAL01_F,공증
NIA_SL_WORD0394_REAL01_F,과로
NIA_SL_WORD0395_REAL01_F,실수
NIA_SL_WORD0396_REAL01_F,회상
NIA_SL_WORD0397_REAL01_F,과태료
NIA_SL_WORD0398_REAL01_F,관습
NIA_SL_WORD0399_REAL01_F,직인
NIA_SL_WORD0400_REAL01_F,정밀검사
NIA_SL_WORD0401_REAL01_F,대지
NIA_SL_WORD0402_REAL01_F,광업
NIA_SL_WORD0403_REAL01_F,미치광이
NIA_SL_WORD0404_REAL01_F,강풍
NIA_SL_WORD0405_REAL01_F,환대
NIA_SL_WORD0406_REAL01_F,교가
NIA_SL_WORD0407_REAL01_F,교기
NIA_SL_WORD0408_REAL01_F,지도
NIA_SL_WORD0409_REAL01_F,교기
NIA_SL_WORD0410_REAL01_F,교모
NIA_SL_WORD0411_REAL01_F,지도법
NIA_SL_WORD0412_REAL01_F,학습
NIA_SL_WORD0413_REAL01_F,지도
NIA_SL_WORD0414_REAL01_F,교육과정
NIA_SL_WORD0415_REAL01_F,교육청
NIA_SL_WORD0416_REAL01_F,교사직무
NIA_SL_WORD0417_REAL01_F,사거리
NIA_SL_WORD0418_REAL01_F,교탁
NIA_SL_WORD0419_REAL01_F,구두액
NIA_SL_WORD0420_REAL01_F,수갑
NIA_SL_WORD0421_REAL01_F,조직도
NIA_SL_WORD0422_REAL01_F,국그릇
NIA_SL_WORD0423_REAL01_F,국기
NIA_SL_WORD0424_REAL01_F,독립
NIA_SL_WORD0425_REAL01_F,군가
NIA_SL_WORD0426_REAL01_F,군마
NIA_SL_WORD0427_REAL01_F,다섯번째
NIA_SL_WORD0428_REAL01_F,군비행장
NIA_SL_WORD0429_REAL01_F,독재자
NIA_SL_WORD0430_REAL01_F,귀부인
NIA_SL_WORD0431_REAL01_F,상류층
NIA_SL_WORD0432_REAL01_F,모범
NIA_SL_WORD0433_REAL01_F,그날
NIA_SL_WORD0434_REAL01_F,기초확인
NIA_SL_WORD0435_REAL01_F,금식
NIA_SL_WORD0436_REAL01_F,얼마
NIA_SL_WORD0437_REAL01_F,금연
NIA_SL_WORD0438_REAL01_F,금욕
NIA_SL_WORD0439_REAL01_F,금주
NIA_SL_WORD0440_REAL01_F,불쌍
NIA_SL_WORD0441_REAL01_F,식도염
NIA_SL_WORD0442_REAL01_F,신기
NIA_SL_WORD0443_REAL01_F,신기
NIA_SL_WORD0444_REAL01_F,기혼
NIA_SL_WORD0445_REAL01_F,귀중품
NIA_SL_WORD0446_REAL01_F,길몽
NIA_SL_WORD0447_REAL01_F,길일
NIA_SL_WORD0448_REAL01_F,길운
NIA_SL_WORD0449_REAL01_F,고난이도
NIA_SL_WORD0450_REAL01_F,비좁다
NIA_SL_WORD0451_REAL01_F,유언
NIA_SL_WORD0452_REAL01_F,온실
NIA_SL_WORD0453_REAL01_F,고난이도
NIA_SL_WORD0454_REAL01_F,날쎄다
NIA_SL_WORD0455_REAL01_F,비루
NIA_SL_WORD0456_REAL01_F,쑥쓰럽다
NIA_SL_WORD0457_REAL01_F,남성적
NIA_SL_WORD0458_REAL01_F,내정
NIA_SL_WORD0459_REAL01_F,능숙
NIA_SL_WORD0460_REAL01_F,대모
NIA_SL_WORD0461_REAL01_F,농인
NIA_SL_WORD0462_REAL01_F,다복
NIA_SL_WORD0463_REAL01_F,결합을끊다
NIA_SL_WORD0464_REAL01_F,단명
NIA_SL_WORD0465_REAL01_F,단문
NIA_SL_WORD0466_REAL01_F,능력자
NIA_SL_WORD0467_REAL01_F,곰방대
NIA_SL_WORD0468_REAL01_F,담당
NIA_SL_WORD0469_REAL01_F,답안지
NIA_SL_WORD0470_REAL01_F,책임이사
NIA_SL_WORD0471_REAL01_F,채용자
NIA_SL_WORD0472_REAL01_F,대교
NIA_SL_WORD0473_REAL01_F,대독
NIA_SL_WORD0474_REAL01_F,대필
NIA_SL_WORD0475_REAL01_F,대성공
NIA_SL_WORD0476_REAL01_F,세수대야
NIA_SL_WORD0477_REAL01_F,확정
NIA_SL_WORD0478_REAL01_F,면적
NIA_SL_WORD0479_REAL01_F,회장
NIA_SL_WORD0480_REAL01_F,품격
NIA_SL_WORD0481_REAL01_F,도벽
NIA_SL_WORD0482_REAL01_F,도자기기술
NIA_SL_WORD0483_REAL01_F,자습
NIA_SL_WORD0484_REAL01_F,돌기둥
NIA_SL_WORD0485_REAL01_F,돌다리
NIA_SL_WORD0486_REAL01_F,돌벽
NIA_SL_WORD0487_REAL01_F,동갑
NIA_SL_WORD0488_REAL01_F,동메달
NIA_SL_WORD0489_REAL01_F,주민센터
NIA_SL_WORD0490_REAL01_F,독특
NIA_SL_WORD0491_REAL01_F,무덤덤
NIA_SL_WORD0492_REAL01_F,뒷산
NIA_SL_WORD0493_REAL01_F,등록금
NIA_SL_WORD0494_REAL01_F,담당
NIA_SL_WORD0495_REAL01_F,생각못하다
NIA_SL_WORD0496_REAL01_F,주문서
NIA_SL_WORD0497_REAL01_F,마구간
NIA_SL_WORD0498_REAL01_F,마술사
NIA_SL_WORD0499_REAL01_F,마스크
NIA_SL_WORD0500_REAL01_F,마음에들다
NIA_SL_WORD0501_REAL01_F,막차
NIA_SL_WORD0502_REAL01_F,만취
NIA_SL_WORD0503_REAL01_F,나무기둥
NIA_SL_WORD0504_REAL01_F,의미
NIA_SL_WORD0505_REAL01_F,실언
NIA_SL_WORD0506_REAL01_F,말끼어들기
NIA_SL_WORD0507_REAL01_F,망아지
NIA_SL_WORD0508_REAL01_F,무매력
NIA_SL_WORD0509_REAL01_F,확약
NIA_SL_WORD0510_REAL01_F,고급지다
NIA_SL_WORD0511_REAL01_F,맷돌
NIA_SL_WORD0512_REAL01_F,먹
NIA_SL_WORD0513_REAL01_F,회원
NIA_SL_WORD0514_REAL01_F,사라지다
NIA_SL_WORD0515_REAL01_F,명단
NIA_SL_WORD0516_REAL01_F,명마
NIA_SL_WORD0517_REAL01_F,명예
NIA_SL_WORD0518_REAL01_F,모범생
NIA_SL_WORD0519_REAL01_F,무례
NIA_SL_WORD0520_REAL01_F,무법자
NIA_SL_WORD0521_REAL01_F,무료교육
NIA_SL_WORD0522_REAL01_F,무의미
NIA_SL_WORD0523_REAL01_F,무인상
NIA_SL_WORD0524_REAL01_F,무통
NIA_SL_WORD0525_REAL01_F,무허가
NIA_SL_WORD0526_REAL01_F,여배우
NIA_SL_WORD0527_REAL01_F,문잠그다
NIA_SL_WORD0528_REAL01_F,문제지
NIA_SL_WORD0529_REAL01_F,상세검색
NIA_SL_WORD0530_REAL01_F,묻다
NIA_SL_WORD0531_REAL01_F,물총
NIA_SL_WORD0532_REAL01_F,물통
NIA_SL_WORD0533_REAL01_F,미군
NIA_SL_WORD0534_REAL01_F,미납
NIA_SL_WORD0535_REAL01_F,미신
NIA_SL_WORD0536_REAL01_F,미완성
NIA_SL_WORD0537_REAL01_F,미행
NIA_SL_WORD0538_REAL01_F,미혼
NIA_SL_WORD0539_REAL01_F,밀고
NIA_SL_WORD0540_REAL01_F,밀거래
NIA_SL_WORD0541_REAL01_F,밀거래단
NIA_SL_WORD0542_REAL01_F,밀서
NIA_SL_WORD0543_REAL01_F,밀거래
NIA_SL_WORD0544_REAL01_F,밀작
NIA_SL_WORD0545_REAL01_F,확답
NIA_SL_WORD0546_REAL01_F,반역
NIA_SL_WORD0547_REAL01_F,반장
NIA_SL_WORD0548_REAL01_F,발견
NIA_SL_WORD0549_REAL01_F,발언권
NIA_SL_WORD0550_REAL01_F,방식
NIA_SL_WORD0551_REAL01_F,화실
NIA_SL_WORD0552_REAL01_F,방음
NIA_SL_WORD0553_REAL01_F,방직
NIA_SL_WORD0554_REAL01_F,방직공장
NIA_SL_WORD0555_REAL01_F,정보차단
NIA_SL_WORD0556_REAL01_F,방도
NIA_SL_WORD0557_REAL01_F,위로
NIA_SL_WORD0558_REAL01_F,견습소
NIA_SL_WORD0559_REAL01_F,배은
NIA_SL_WORD0560_REAL01_F,결심
NIA_SL_WORD0561_REAL01_F,백일잔치
NIA_SL_WORD0562_REAL01_F,번거롭다
NIA_SL_WORD0563_REAL01_F,출산증가
NIA_SL_WORD0564_REAL01_F,베다
NIA_SL_WORD0565_REAL01_F,벌칙사항
NIA_SL_WORD0566_REAL01_F,소개
NIA_SL_WORD0567_REAL01_F,별거
NIA_SL_WORD0568_REAL01_F,별미
NIA_SL_WORD0569_REAL01_F,병가
NIA_SL_WORD0570_REAL01_F,병사
NIA_SL_WORD0571_REAL01_F,쓰러지다
NIA_SL_WORD0572_REAL01_F,환자실
NIA_SL_WORD0573_REAL01_F,병아리
NIA_SL_WORD0574_REAL01_F,군책
NIA_SL_WORD0575_REAL01_F,보수교육
NIA_SL_WORD0576_REAL01_F,보이스카우트
NIA_SL_WORD0577_REAL01_F,부동산
NIA_SL_WORD0578_REAL01_F,보건복지부
NIA_SL_WORD0579_REAL01_F,복지카드
NIA_SL_WORD0580_REAL01_F,희미
NIA_SL_WORD0581_REAL01_F,부고
NIA_SL_WORD0582_REAL01_F,무자유
NIA_SL_WORD0583_REAL01_F,분담
NIA_SL_WORD0584_REAL01_F,투쟁
NIA_SL_WORD0585_REAL01_F,여섯번째
NIA_SL_WORD0586_REAL01_F,가쁘다
NIA_SL_WORD0587_REAL01_F,무각오
NIA_SL_WORD0588_REAL01_F,호명
NIA_SL_WORD0589_REAL01_F,비교연구
NIA_SL_WORD0590_REAL01_F,비닐하우스
NIA_SL_WORD0591_REAL01_F,비인간적
NIA_SL_WORD0592_REAL01_F,자비없다
NIA_SL_WORD0593_REAL01_F,예금
NIA_SL_WORD0594_REAL01_F,공석
NIA_SL_WORD0595_REAL01_F,완벽
NIA_SL_WORD0596_REAL01_F,속달
NIA_SL_WORD0597_REAL01_F,삐치다
NIA_SL_WORD0598_REAL01_F,사감
NIA_SL_WORD0599_REAL01_F,형제지간
NIA_SL_WORD0600_REAL01_F,사냥꾼
NIA_SL_WORD0601_REAL01_F,겉모습
NIA_SL_WORD0602_REAL01_F,면제
NIA_SL_WORD0603_REAL01_F,사모님
NIA_SL_WORD0604_REAL01_F,복사본
NIA_SL_WORD0605_REAL01_F,사생활
NIA_SL_WORD0606_REAL01_F,혈통
NIA_SL_WORD0607_REAL01_F,사립
NIA_SL_WORD0608_REAL01_F,친척
NIA_SL_WORD0609_REAL01_F,사용법
NIA_SL_WORD0610_REAL01_F,친가족
NIA_SL_WORD0611_REAL01_F,사인
NIA_SL_WORD0612_REAL01_F,혈액형
NIA_SL_WORD0613_REAL01_F,부채질
NIA_SL_WORD0614_REAL01_F,사진작가
NIA_SL_WORD0615_REAL01_F,과용
NIA_SL_WORD0616_REAL01_F,사립학교
NIA_SL_WORD0617_REAL01_F,사후
NIA_SL_WORD0618_REAL01_F,삭발
NIA_SL_WORD0619_REAL01_F,38선
NIA_SL_WORD0620_REAL01_F,상품
NIA_SL_WORD0621_REAL01_F,새
NIA_SL_WORD0622_REAL01_F,새똥
NIA_SL_WORD0623_REAL01_F,새알
NIA_SL_WORD0624_REAL01_F,새집
NIA_SL_WORD0625_REAL01_F,색맹
NIA_SL_WORD0626_REAL01_F,색연필
NIA_SL_WORD0627_REAL01_F,색종이
NIA_SL_WORD0628_REAL01_F,학생생활기록부
NIA_SL_WORD0629_REAL01_F,혈서
NIA_SL_WORD0630_REAL01_F,후천적
NIA_SL_WORD0631_REAL01_F,벨트
NIA_SL_WORD0632_REAL01_F,맹세
NIA_SL_WORD0633_REAL01_F,서구식
NIA_SL_WORD0634_REAL01_F,서울역
NIA_SL_WORD0635_REAL01_F,헤드라이트
NIA_SL_WORD0636_REAL01_F,편견
NIA_SL_WORD0637_REAL01_F,정벌
NIA_SL_WORD0638_REAL01_F,사납다
NIA_SL_WORD0639_REAL01_F,섬나라
NIA_SL_WORD0640_REAL01_F,직무대행
NIA_SL_WORD0641_REAL01_F,성인
NIA_SL_WORD0642_REAL01_F,연설
NIA_SL_WORD0643_REAL01_F,연설문
NIA_SL_WORD0644_REAL01_F,제사
NIA_SL_WORD0645_REAL01_F,성씨
NIA_SL_WORD0646_REAL01_F,성조기
NIA_SL_WORD0647_REAL01_F,성폭행
NIA_SL_WORD0648_REAL01_F,세뇌
NIA_SL_WORD0649_REAL01_F,센티미터
NIA_SL_WORD0650_REAL01_F,소금물
NIA_SL_WORD0651_REAL01_F,소복
NIA_SL_WORD0652_REAL01_F,소화불량
NIA_SL_WORD0653_REAL01_F,송년회
NIA_SL_WORD0654_REAL01_F,쇄신
NIA_SL_WORD0655_REAL01_F,수영장
NIA_SL_WORD0656_REAL01_F,수재
NIA_SL_WORD0657_REAL01_F,수저통
NIA_SL_WORD0658_REAL01_F,숙련
NIA_SL_WORD0659_REAL01_F,야간경비
NIA_SL_WORD0660_REAL01_F,순금
NIA_SL_WORD0661_REAL01_F,순산
NIA_SL_WORD0662_REAL01_F,술값
NIA_SL_WORD0663_REAL01_F,술집
NIA_SL_WORD0664_REAL01_F,숨차다
NIA_SL_WORD0665_REAL01_F,일곱번째
NIA_SL_WORD0666_REAL01_F,습자
NIA_SL_WORD0667_REAL01_F,승마복
NIA_SL_WORD0668_REAL01_F,승패
NIA_SL_WORD0669_REAL01_F,시댁
NIA_SL_WORD0670_REAL01_F,시달리다
NIA_SL_WORD0671_REAL01_F,시차
NIA_SL_WORD0672_REAL01_F,첫째
NIA_SL_WORD0673_REAL01_F,시험감독
NIA_SL_WORD0674_REAL01_F,선별
NIA_SL_WORD0675_REAL01_F,신식
NIA_SL_WORD0676_REAL01_F,신체적장애
NIA_SL_WORD0677_REAL01_F,신통하다
NIA_SL_WORD0678_REAL01_F,실명
NIA_SL_WORD0679_REAL01_F,실생활
NIA_SL_WORD0680_REAL01_F,여덟번째
NIA_SL_WORD0681_REAL01_F,증거
NIA_SL_WORD0682_REAL01_F,실천
NIA_SL_WORD0683_REAL01_F,공개
NIA_SL_WORD0684_REAL01_F,괴롭다
NIA_SL_WORD0685_REAL01_F,논의
NIA_SL_WORD0686_REAL01_F,쌀값
NIA_SL_WORD0687_REAL01_F,아끼다
NIA_SL_WORD0688_REAL01_F,고집
NIA_SL_WORD0689_REAL01_F,통증
NIA_SL_WORD0690_REAL01_F,악몽
NIA_SL_WORD0691_REAL01_F,악습
NIA_SL_WORD0692_REAL01_F,악영향
NIA_SL_WORD0693_REAL01_F,악용
NIA_SL_WORD0694_REAL01_F,나빠지다
NIA_SL_WORD0695_REAL01_F,안경원
NIA_SL_WORD0696_REAL01_F,안내원
NIA_SL_WORD0697_REAL01_F,안위
NIA_SL_WORD0698_REAL01_F,암살
NIA_SL_WORD0699_REAL01_F,깜깜하다
NIA_SL_WORD0700_REAL01_F,압정
NIA_SL_WORD0701_REAL01_F,애국자
NIA_SL_WORD0702_REAL01_F,안쓰럽다
NIA_SL_WORD0703_REAL01_F,애착
NIA_SL_WORD0704_REAL01_F,애처
NIA_SL_WORD0705_REAL01_F,야구부
NIA_SL_WORD0706_REAL01_F,건달
NIA_SL_WORD0707_REAL01_F,약학
NIA_SL_WORD0708_REAL01_F,얌전하다
NIA_SL_WORD0709_REAL01_F,양계
NIA_SL_WORD0710_REAL01_F,일임
NIA_SL_WORD0711_REAL01_F,경로당
NIA_SL_WORD0712_REAL01_F,양서
NIA_SL_WORD0713_REAL01_F,온순하다
NIA_SL_WORD0714_REAL01_F,형식
NIA_SL_WORD0715_REAL01_F,숙녀복
NIA_SL_WORD0716_REAL01_F,양젖
NIA_SL_WORD0717_REAL01_F,언약
NIA_SL_WORD0718_REAL01_F,알록달록
NIA_SL_WORD0719_REAL01_F,깎다
NIA_SL_WORD0720_REAL01_F,여공
NIA_SL_WORD0721_REAL01_F,여군
NIA_SL_WORD0722_REAL01_F,여대생
NIA_SL_WORD0723_REAL01_F,여성복
NIA_SL_WORD0724_REAL01_F,여성학과
NIA_SL_WORD0725_REAL01_F,여경
NIA_SL_WORD0726_REAL01_F,여탕
NIA_SL_WORD0727_REAL01_F,연애편지
NIA_SL_WORD0728_REAL01_F,연초
NIA_SL_WORD0729_REAL01_F,연패
NIA_SL_WORD0730_REAL01_F,연합
NIA_SL_WORD0731_REAL01_F,연하다
NIA_SL_WORD0732_REAL01_F,영문법
NIA_SL_WORD0733_REAL01_F,독보적
NIA_SL_WORD0734_REAL01_F,일반직
NIA_SL_WORD0735_REAL01_F,예정
NIA_SL_WORD0736_REAL01_F,오리알
NIA_SL_WORD0737_REAL01_F,오산
NIA_SL_WORD0738_REAL01_F,좋다
NIA_SL_WORD0739_REAL01_F,순종
NIA_SL_WORD0740_REAL01_F,황소고집
NIA_SL_WORD0741_REAL01_F,완납
NIA_SL_WORD0742_REAL01_F,완료
NIA_SL_WORD0743_REAL01_F,완패
NIA_SL_WORD0744_REAL01_F,왕족
NIA_SL_WORD0745_REAL01_F,천황
NIA_SL_WORD0746_REAL01_F,의문
NIA_SL_WORD0747_REAL01_F,외상값
NIA_SL_WORD0748_REAL01_F,외손녀
NIA_SL_WORD0749_REAL01_F,외손자
NIA_SL_WORD0750_REAL01_F,요강
NIA_SL_WORD0751_REAL01_F,주요점
NIA_SL_WORD0752_REAL01_F,사용처
NIA_SL_WORD0753_REAL01_F,용사
NIA_SL_WORD0754_REAL01_F,큰소리
NIA_SL_WORD0755_REAL01_F,우물
NIA_SL_WORD0756_REAL01_F,우승
NIA_SL_WORD0757_REAL01_F,우승자
NIA_SL_WORD0758_REAL01_F,아홉번째
NIA_SL_WORD0759_REAL01_F,열번째
NIA_SL_WORD0760_REAL01_F,열두번째
NIA_SL_WORD0761_REAL01_F,위임
NIA_SL_WORD0762_REAL01_F,유대인
NIA_SL_WORD0763_REAL01_F,유전
NIA_SL_WORD0764_REAL01_F,유조선
NIA_SL_WORD0765_REAL01_F,은신처
NIA_SL_WORD0766_REAL01_F,응접실
NIA_SL_WORD0767_REAL01_F,정의
NIA_SL_WORD0768_REAL01_F,지도
NIA_SL_WORD0769_REAL01_F,회의록
NIA_SL_WORD0770_REAL01_F,이의
NIA_SL_WORD0771_REAL01_F,익명
NIA_SL_WORD0772_REAL01_F,익사
NIA_SL_WORD0773_REAL01_F,인력
NIA_SL_WORD0774_REAL01_F,농부
NIA_SL_WORD0775_REAL01_F,인사법
NIA_SL_WORD0776_REAL01_F,인자
NIA_SL_WORD0777_REAL01_F,인증
NIA_SL_WORD0778_REAL01_F,인질
NIA_SL_WORD0779_REAL01_F,일본인
NIA_SL_WORD0780_REAL01_F,열세번째
NIA_SL_WORD0781_REAL01_F,자막
NIA_SL_WORD0782_REAL01_F,자살자
NIA_SL_WORD0783_REAL01_F,자석
NIA_SL_WORD0784_REAL01_F,경과실
NIA_SL_WORD0785_REAL01_F,작명
NIA_SL_WORD0786_REAL01_F,작업복
NIA_SL_WORD0787_REAL01_F,장단점
NIA_SL_WORD0788_REAL01_F,장려하다
NIA_SL_WORD0789_REAL01_F,옷장
NIA_SL_WORD0790_REAL01_F,장애인연금
NIA_SL_WORD0791_REAL01_F,장애아동수당
NIA_SL_WORD0792_REAL01_F,장애유형
NIA_SL_WORD0793_REAL01_F,장애인기능경기대회
NIA_SL_WORD0794_REAL01_F,장애인등에대한특수교육법
NIA_SL_WORD0795_REAL01_F,장애인복지관
NIA_SL_WORD0796_REAL01_F,장점
NIA_SL_WORD0797_REAL01_F,장학
NIA_SL_WORD0798_REAL01_F,재고
NIA_SL_WORD0799_REAL01_F,목재
NIA_SL_WORD0800_REAL01_F,재봉틀
NIA_SL_WORD0801_REAL01_F,복습
NIA_SL_WORD0802_REAL01_F,재청
NIA_SL_WORD0803_REAL01_F,무식
NIA_SL_WORD0804_REAL01_F,저명인사
NIA_SL_WORD0805_REAL01_F,전기기술자
NIA_SL_WORD0806_REAL01_F,전기세
NIA_SL_WORD0807_REAL01_F,전쟁터
NIA_SL_WORD0808_REAL01_F,전화번호
NIA_SL_WORD0809_REAL01_F,절수
NIA_SL_WORD0810_REAL01_F,틀림없다
NIA_SL_WORD0811_REAL01_F,공식
NIA_SL_WORD0812_REAL01_F,정신장애
NIA_SL_WORD0813_REAL01_F,단전
NIA_SL_WORD0814_REAL01_F,월초
NIA_SL_WORD0815_REAL01_F,우유
NIA_SL_WORD0816_REAL01_F,구두
NIA_SL_WORD0817_REAL01_F,조간신문
NIA_SL_WORD0818_REAL01_F,조회
NIA_SL_WORD0819_REAL01_F,졸업장
NIA_SL_WORD0820_REAL01_F,종소리
NIA_SL_WORD0821_REAL01_F,종점
NIA_SL_WORD0822_REAL01_F,주관
NIA_SL_WORD0823_REAL01_F,주방장
NIA_SL_WORD0824_REAL01_F,사고방식
NIA_SL_WORD0825_REAL01_F,알코올중독
NIA_SL_WORD0826_REAL01_F,준우승
NIA_SL_WORD0827_REAL01_F,중매
NIA_SL_WORD0828_REAL01_F,재임
NIA_SL_WORD0829_REAL01_F,쥐덫
NIA_SL_WORD0830_REAL01_F,확인서
NIA_SL_WORD0831_REAL01_F,증원
NIA_SL_WORD0832_REAL01_F,증인
NIA_SL_WORD0833_REAL01_F,지급일
NIA_SL_WORD0834_REAL01_F,총괄자
NIA_SL_WORD0835_REAL01_F,지팡이
NIA_SL_WORD0836_REAL01_F,직책
NIA_SL_WORD0837_REAL01_F,진상
NIA_SL_WORD0838_REAL01_F,진실
NIA_SL_WORD0839_REAL01_F,징검다리
NIA_SL_WORD0840_REAL01_F,가르다
NIA_SL_WORD0841_REAL01_F,백석
NIA_SL_WORD0842_REAL01_F,차멀미
NIA_SL_WORD0843_REAL01_F,복잡하다
NIA_SL_WORD0844_REAL01_F,참가자
NIA_SL_WORD0845_REAL01_F,참관
NIA_SL_WORD0846_REAL01_F,차도
NIA_SL_WORD0847_REAL01_F,쓸쓸하다
NIA_SL_WORD0848_REAL01_F,천리
NIA_SL_WORD0849_REAL01_F,천벌
NIA_SL_WORD0850_REAL01_F,천연색
NIA_SL_WORD0851_REAL01_F,철교
NIA_SL_WORD0852_REAL01_F,철근
NIA_SL_WORD0853_REAL01_F,철면피
NIA_SL_WORD0854_REAL01_F,철모
NIA_SL_WORD0855_REAL01_F,철문
NIA_SL_WORD0856_REAL01_F,철판
NIA_SL_WORD0857_REAL01_F,앞서가다
NIA_SL_WORD0858_REAL01_F,제안
NIA_SL_WORD0859_REAL01_F,청소당번
NIA_SL_WORD0860_REAL01_F,청원
NIA_SL_WORD0861_REAL01_F,청진기
NIA_SL_WORD0862_REAL01_F,체납
NIA_SL_WORD0863_REAL01_F,체취
NIA_SL_WORD0864_REAL01_F,체험
NIA_SL_WORD0865_REAL01_F,체험담
NIA_SL_WORD0866_REAL01_F,초대권
NIA_SL_WORD0867_REAL01_F,초라
NIA_SL_WORD0868_REAL01_F,초면
NIA_SL_WORD0869_REAL01_F,초산
NIA_SL_WORD0870_REAL01_F,초혼
NIA_SL_WORD0871_REAL01_F,촉진
NIA_SL_WORD0872_REAL01_F,촛불
NIA_SL_WORD0873_REAL01_F,총소리
NIA_SL_WORD0874_REAL01_F,총회
NIA_SL_WORD0875_REAL01_F,추남
NIA_SL_WORD0876_REAL01_F,추녀
NIA_SL_WORD0877_REAL01_F,추수
NIA_SL_WORD0878_REAL01_F,출석
NIA_SL_WORD0879_REAL01_F,격노
NIA_SL_WORD0880_REAL01_F,부추기다
NIA_SL_WORD0881_REAL01_F,풍성
NIA_SL_WORD0882_REAL01_F,충성
NIA_SL_WORD0883_REAL01_F,취객
NIA_SL_WORD0884_REAL01_F,치과의사
NIA_SL_WORD0885_REAL01_F,치료제
NIA_SL_WORD0886_REAL01_F,친자
NIA_SL_WORD0887_REAL01_F,카지노
NIA_SL_WORD0888_REAL01_F,칼
NIA_SL_WORD0889_REAL01_F,칼슘
NIA_SL_WORD0890_REAL01_F,코코아
NIA_SL_WORD0891_REAL01_F,콩기름
NIA_SL_WORD0892_REAL01_F,콩밭
NIA_SL_WORD0893_REAL01_F,콩잎
NIA_SL_WORD0894_REAL01_F,군사혁명
NIA_SL_WORD0895_REAL01_F,키다리
NIA_SL_WORD0896_REAL01_F,킬로그램
NIA_SL_WORD0897_REAL01_F,킬로미터
NIA_SL_WORD0898_REAL01_F,탁구공
NIA_SL_WORD0899_REAL01_F,탈영
NIA_SL_WORD0900_REAL01_F,탈환
NIA_SL_WORD0901_REAL01_F,독서광
NIA_SL_WORD0902_REAL01_F,탐욕
NIA_SL_WORD0903_REAL01_F,태극기
NIA_SL_WORD0904_REAL01_F,총괄
NIA_SL_WORD0905_REAL01_F,바래다
NIA_SL_WORD0906_REAL01_F,수감
NIA_SL_WORD0907_REAL01_F,특권
NIA_SL_WORD0908_REAL01_F,특명
NIA_SL_WORD0909_REAL01_F,특선
NIA_SL_WORD0910_REAL01_F,막히다
NIA_SL_WORD0911_REAL01_F,건성건성
NIA_SL_WORD0912_REAL01_F,여분
NIA_SL_WORD0913_REAL01_F,소심
NIA_SL_WORD0914_REAL01_F,뽐내다
NIA_SL_WORD0915_REAL01_F,쇼하다
NIA_SL_WORD0916_REAL01_F,과시
NIA_SL_WORD0917_REAL01_F,정성껏
NIA_SL_WORD0918_REAL01_F,전심전력
NIA_SL_WORD0919_REAL01_F,적격
NIA_SL_WORD0920_REAL01_F,추출
NIA_SL_WORD0921_REAL01_F,드러나다
NIA_SL_WORD0922_REAL01_F,결점
NIA_SL_WORD0923_REAL01_F,결점
NIA_SL_WORD0924_REAL01_F,결점
NIA_SL_WORD0925_REAL01_F,결점
NIA_SL_WORD0926_REAL01_F,흠집
NIA_SL_WORD0927_REAL01_F,불량
NIA_SL_WORD0928_REAL01_F,계기
NIA_SL_WORD0929_REAL01_F,걸핏하면
NIA_SL_WORD0930_REAL01_F,독식
NIA_SL_WORD0931_REAL01_F,물귀신
NIA_SL_WORD0932_REAL01_F,매일매일
NIA_SL_WORD0933_REAL01_F,순식간
NIA_SL_WORD0934_REAL01_F,촉박
NIA_SL_WORD0935_REAL01_F,더디다
NIA_SL_WORD0936_REAL01_F,놓치다
NIA_SL_WORD0937_REAL01_F,허탕
NIA_SL_WORD0938_REAL01_F,혹시
NIA_SL_WORD0939_REAL01_F,밤샘
NIA_SL_WORD0940_REAL01_F,들어맞다
NIA_SL_WORD0941_REAL01_F,복귀
NIA_SL_WORD0942_REAL01_F,학수고대
NIA_SL_WORD0943_REAL01_F,가다
NIA_SL_WORD0944_REAL01_F,가다
NIA_SL_WORD0945_REAL01_F,지름길
NIA_SL_WORD0946_REAL01_F,가다
NIA_SL_WORD0947_REAL01_F,사라지다
NIA_SL_WORD0948_REAL01_F,가깝다
NIA_SL_WORD0949_REAL01_F,멀다
NIA_SL_WORD0950_REAL01_F,오래도록
NIA_SL_WORD0951_REAL01_F,결사
NIA_SL_WORD0952_REAL01_F,진수성찬
NIA_SL_WORD0953_REAL01_F,배고프다
NIA_SL_WORD0954_REAL01_F,입맛에맞지않다
NIA_SL_WORD0955_REAL01_F,과음
NIA_SL_WORD0956_REAL01_F,주정뱅이
NIA_SL_WORD0957_REAL01_F,타이트하다
NIA_SL_WORD0958_REAL01_F,칩거
NIA_SL_WORD0959_REAL01_F,대박
NIA_SL_WORD0960_REAL01_F,저택
NIA_SL_WORD0961_REAL01_F,궁핍하다
NIA_SL_WORD0962_REAL01_F,쓰다
NIA_SL_WORD0963_REAL01_F,옛것
NIA_SL_WORD0964_REAL01_F,수북하다
NIA_SL_WORD0965_REAL01_F,회복
NIA_SL_WORD0966_REAL01_F,녹초
NIA_SL_WORD0967_REAL01_F,진땀나다
NIA_SL_WORD0968_REAL01_F,난감하다
NIA_SL_WORD0969_REAL01_F,마르다
NIA_SL_WORD0970_REAL01_F,불면
NIA_SL_WORD0971_REAL01_F,결벽
NIA_SL_WORD0972_REAL01_F,뙤약볕
NIA_SL_WORD0973_REAL01_F,못견디다
NIA_SL_WORD0974_REAL01_F,안심
NIA_SL_WORD0975_REAL01_F,익숙
NIA_SL_WORD0976_REAL01_F,이심전심
NIA_SL_WORD0977_REAL01_F,유명무실
NIA_SL_WORD0978_REAL01_F,소식
NIA_SL_WORD0979_REAL01_F,겹치다
NIA_SL_WORD0980_REAL01_F,첩첩산중
NIA_SL_WORD0981_REAL01_F,동상이몽
NIA_SL_WORD0982_REAL01_F,일자무식
NIA_SL_WORD0983_REAL01_F,싫증나다
NIA_SL_WORD0984_REAL01_F,일석이조
NIA_SL_WORD0985_REAL01_F,자승자박
NIA_SL_WORD0986_REAL01_F,궁지
NIA_SL_WORD0987_REAL01_F,찰나
NIA_SL_WORD0988_REAL01_F,순식간
NIA_SL_WORD0989_REAL01_F,순식간
NIA_SL_WORD0990_REAL01_F,이미
NIA_SL_WORD0991_REAL01_F,수포
NIA_SL_WORD0992_REAL01_F,기세등등
NIA_SL_WORD0993_REAL01_F,공교롭다
NIA_SL_WORD0994_REAL01_F,보복
NIA_SL_WORD0995_REAL01_F,남몰래
NIA_SL_WORD0996_REAL01_F,근근이
NIA_SL_WORD0997_REAL01_F,근근이
NIA_SL_WORD0998_REAL01_F,얻어먹다
NIA_SL_WORD0999_REAL01_F,황소고집
NIA_SL_WORD1000_REAL01_F,속다
NIA_SL_WORD1001_REAL01_F,한국농아인협회
NIA_SL_WORD1002_REAL01_F,한국농아인협회
NIA_SL_WORD1003_REAL01_F,서울특별시농아인협회
NIA_SL_WORD1004_REAL01_F,서울특별시수어통역센터
NIA_SL_WORD1005_REAL01_F,서울시청
NIA_SL_WORD1006_REAL01_F,강남구지부
NIA_SL_WORD1007_REAL01_F,강남구수어통역센터
NIA_SL_WORD1008_REAL01_F,강동구지부
NIA_SL_WORD1009_REAL01_F,강동구수어통역센터
NIA_SL_WORD1010_REAL01_F,강동구주민지원센터
NIA_SL_WORD1011_REAL01_F,강북구지부
NIA_SL_WORD1012_REAL01_F,강북구수어통역센터
NIA_SL_WORD1013_REAL01_F,강북구주민지원센터
NIA_SL_WORD1014_REAL01_F,강서구지부
NIA_SL_WORD1015_REAL01_F,강서구수어통역센터
NIA_SL_WORD1016_REAL01_F,강서구주민지원센터
NIA_SL_WORD1017_REAL01_F,관악구지부
NIA_SL_WORD1018_REAL01_F,관악구수어통역센터
NIA_SL_WORD1019_REAL01_F,관악구주민지원센터
NIA_SL_WORD1020_REAL01_F,광진구지부
NIA_SL_WORD1021_REAL01_F,광진구수어통역센터
NIA_SL_WORD1022_REAL01_F,광진구주민지원센터
NIA_SL_WORD1023_REAL01_F,구로구지부
NIA_SL_WORD1024_REAL01_F,구로구수어통역센터
NIA_SL_WORD1025_REAL01_F,구로구주민지원센터
NIA_SL_WORD1026_REAL01_F,금천구지부
NIA_SL_WORD1027_REAL01_F,금천구수어통역센터
NIA_SL_WORD1028_REAL01_F,노원구지부
NIA_SL_WORD1029_REAL01_F,노원구수어통역센터
NIA_SL_WORD1030_REAL01_F,노원구주민지원센터
NIA_SL_WORD1031_REAL01_F,도봉구지부
NIA_SL_WORD1032_REAL01_F,도봉구수어통역센터
NIA_SL_WORD1033_REAL01_F,도봉구주민지원센터
NIA_SL_WORD1034_REAL01_F,동대문구지부
NIA_SL_WORD1035_REAL01_F,동대문구수어통역센터
NIA_SL_WORD1036_REAL01_F,동대문구주민지원센터
NIA_SL_WORD1037_REAL01_F,동작구지부
NIA_SL_WORD1038_REAL01_F,동작구수어통역센터
NIA_SL_WORD1039_REAL01_F,동작구주민지원센터
NIA_SL_WORD1040_REAL01_F,마포구지부
NIA_SL_WORD1041_REAL01_F,마포구수어통역센터
NIA_SL_WORD1042_REAL01_F,마포구주민지원센터
NIA_SL_WORD1043_REAL01_F,서대문구지부
NIA_SL_WORD1044_REAL01_F,서대문구수어통역센터
NIA_SL_WORD1045_REAL01_F,서대문구주민지원센터
NIA_SL_WORD1046_REAL01_F,서초구지부
NIA_SL_WORD1047_REAL01_F,서초구수어통역센터
NIA_SL_WORD1048_REAL01_F,서초구주민지원센터
NIA_SL_WORD1049_REAL01_F,성동구지부
NIA_SL_WORD1050_REAL01_F,성동구수어통역센터
NIA_SL_WORD1051_REAL01_F,성동구주민지원센터
NIA_SL_WORD1052_REAL01_F,성북구지부
NIA_SL_WORD1053_REAL01_F,성북구수어통역센터
NIA_SL_WORD1054_REAL01_F,성북구주민지원센터
NIA_SL_WORD1055_REAL01_F,송파구지부
NIA_SL_WORD1056_REAL01_F,송파구수어통역센터
NIA_SL_WORD1057_REAL01_F,송파구주민지원센터
NIA_SL_WORD1058_REAL01_F,양천구지부
NIA_SL_WORD1059_REAL01_F,양천구수어통역센터
NIA_SL_WORD1060_REAL01_F,양천구주민지원센터
NIA_SL_WORD1061_REAL01_F,영등포구지부
NIA_SL_WORD1062_REAL01_F,영등포구수어통역센터
NIA_SL_WORD1063_REAL01_F,영등포구주민지원센터
NIA_SL_WORD1064_REAL01_F,용산구지부
NIA_SL_WORD1065_REAL01_F,용산구수어통역센터
NIA_SL_WORD1066_REAL01_F,용산구주민지원센터
NIA_SL_WORD1067_REAL01_F,은평구지부
NIA_SL_WORD1068_REAL01_F,은평구수어통역센터
NIA_SL_WORD1069_REAL01_F,은평구주민지원센터
NIA_SL_WORD1070_REAL01_F,종로구지부
NIA_SL_WORD1071_REAL01_F,종로구수어통역센터
NIA_SL_WORD1072_REAL01_F,종로구주민지원센터
NIA_SL_WORD1073_REAL01_F,중구지부
NIA_SL_WORD1074_REAL01_F,중구수어통역센터
NIA_SL_WORD1075_REAL01_F,중구주민지원센터
NIA_SL_WORD1076_REAL01_F,중랑구지부
NIA_SL_WORD1077_REAL01_F,중랑구수어통역센터
NIA_SL_WORD1078_REAL01_F,중랑구주민지원센터
NIA_SL_WORD1079_REAL01_F,부산광역시농아인협회
NIA_SL_WORD1080_REAL01_F,금정구지부
NIA_SL_WORD1081_REAL01_F,금정구수어통역센터
NIA_SL_WORD1082_REAL01_F,금정구주민지원센터
NIA_SL_WORD1083_REAL01_F,북구지부
NIA_SL_WORD1084_REAL01_F,북구수어통역센터
NIA_SL_WORD1085_REAL01_F,북구주민지원센터
NIA_SL_WORD1086_REAL01_F,사하구지부
NIA_SL_WORD1087_REAL01_F,사하구수어통역센터
NIA_SL_WORD1088_REAL01_F,사하구주민지원센터
NIA_SL_WORD1089_REAL01_F,서구지부
NIA_SL_WORD1090_REAL01_F,서구수어통역센터
NIA_SL_WORD1091_REAL01_F,서구주민지원센터
NIA_SL_WORD1092_REAL01_F,수영구지부
NIA_SL_WORD1093_REAL01_F,수영구수어통역센터
NIA_SL_WORD1094_REAL01_F,수영구주민지원센터
NIA_SL_WORD1095_REAL01_F,어쩔 수 없다
NIA_SL_WORD1096_REAL01_F,모르다
NIA_SL_WORD1097_REAL01_F,불가능
NIA_SL_WORD1098_REAL01_F,대구광역시농아인협회
NIA_SL_WORD1099_REAL01_F,달서구지부
NIA_SL_WORD1100_REAL01_F,달서구수어통역센터
NIA_SL_WORD1101_REAL01_F,가렵다
NIA_SL_WORD1102_REAL01_F,답답
NIA_SL_WORD1103_REAL01_F,설거지
NIA_SL_WORD1104_REAL01_F,남자
NIA_SL_WORD1105_REAL01_F,마음
NIA_SL_WORD1106_REAL01_F,잊다
NIA_SL_WORD1107_REAL01_F,충분
NIA_SL_WORD1108_REAL01_F,미남
NIA_SL_WORD1109_REAL01_F,한명
NIA_SL_WORD1110_REAL01_F,징그럽다
NIA_SL_WORD1111_REAL01_F,급하다
NIA_SL_WORD1112_REAL01_F,던지다
NIA_SL_WORD1113_REAL01_F,미녀
NIA_SL_WORD1114_REAL01_F,쌍둥이
NIA_SL_WORD1115_REAL01_F,건강
NIA_SL_WORD1116_REAL01_F,어리석다
NIA_SL_WORD1117_REAL01_F,나이
NIA_SL_WORD1118_REAL01_F,달래다
NIA_SL_WORD1119_REAL01_F,집중
NIA_SL_WORD1120_REAL01_F,자랑
NIA_SL_WORD1121_REAL01_F,흰
NIA_SL_WORD1122_REAL01_F,기막히다
NIA_SL_WORD1123_REAL01_F,불안
NIA_SL_WORD1124_REAL01_F,밉다
NIA_SL_WORD1125_REAL01_F,자존심
NIA_SL_WORD1126_REAL01_F,배려
NIA_SL_WORD1127_REAL01_F,기분
NIA_SL_WORD1128_REAL01_F,당황
NIA_SL_WORD1129_REAL01_F,검사
NIA_SL_WORD1130_REAL01_F,원하다
NIA_SL_WORD1131_REAL01_F,미치다
NIA_SL_WORD1132_REAL01_F,처녀
NIA_SL_WORD1133_REAL01_F,잘하다
NIA_SL_WORD1134_REAL01_F,무섭다
NIA_SL_WORD1135_REAL01_F,빠르다
NIA_SL_WORD1136_REAL01_F,예민
NIA_SL_WORD1137_REAL01_F,기술
NIA_SL_WORD1138_REAL01_F,눕다
NIA_SL_WORD1139_REAL01_F,믿다
NIA_SL_WORD1140_REAL01_F,즐겁다
NIA_SL_WORD1141_REAL01_F,살인
NIA_SL_WORD1142_REAL01_F,마지막
NIA_SL_WORD1143_REAL01_F,듣다
NIA_SL_WORD1144_REAL01_F,생각
NIA_SL_WORD1145_REAL01_F,예쁘다
NIA_SL_WORD1146_REAL01_F,인상
NIA_SL_WORD1147_REAL01_F,팔
NIA_SL_WORD1148_REAL01_F,서다
NIA_SL_WORD1149_REAL01_F,오다
NIA_SL_WORD1150_REAL01_F,적극
NIA_SL_WORD1151_REAL01_F,섭섭하다
NIA_SL_WORD1152_REAL01_F,아프다
NIA_SL_WORD1153_REAL01_F,오줌
NIA_SL_WORD1154_REAL01_F,깨끗하다
NIA_SL_WORD1155_REAL01_F,못생기다
NIA_SL_WORD1156_REAL01_F,나쁘다
NIA_SL_WORD1157_REAL01_F,나
NIA_SL_WORD1158_REAL01_F,피곤하다
NIA_SL_WORD1159_REAL01_F,한숨
NIA_SL_WORD1160_REAL01_F,때리다
NIA_SL_WORD1161_REAL01_F,성격
NIA_SL_WORD1162_REAL01_F,등산
NIA_SL_WORD1163_REAL01_F,젊다
NIA_SL_WORD1164_REAL01_F,창백
NIA_SL_WORD1165_REAL01_F,자유
NIA_SL_WORD1166_REAL01_F,종아리맞다
NIA_SL_WORD1167_REAL01_F,성급
NIA_SL_WORD1168_REAL01_F,바르다
NIA_SL_WORD1169_REAL01_F,행복
NIA_SL_WORD1170_REAL01_F,깨물다
NIA_SL_WORD1171_REAL01_F,떨다
NIA_SL_WORD1172_REAL01_F,때문
NIA_SL_WORD1173_REAL01_F,평안
NIA_SL_WORD1174_REAL01_F,맞다
NIA_SL_WORD1175_REAL01_F,챔피언
NIA_SL_WORD1176_REAL01_F,안다
NIA_SL_WORD1177_REAL01_F,솔직
NIA_SL_WORD1178_REAL01_F,꼬마
NIA_SL_WORD1179_REAL01_F,바보
NIA_SL_WORD1180_REAL01_F,비율
NIA_SL_WORD1181_REAL01_F,혀
NIA_SL_WORD1182_REAL01_F,의자
NIA_SL_WORD1183_REAL01_F,열심
NIA_SL_WORD1184_REAL01_F,뚱뚱하다
NIA_SL_WORD1185_REAL01_F,알다
NIA_SL_WORD1186_REAL01_F,조심
NIA_SL_WORD1187_REAL01_F,꿇다
NIA_SL_WORD1188_REAL01_F,차분
NIA_SL_WORD1189_REAL01_F,아기
NIA_SL_WORD1190_REAL01_F,방법
NIA_SL_WORD1191_REAL01_F,좋다
NIA_SL_WORD1192_REAL01_F,두배
NIA_SL_WORD1193_REAL01_F,중요
NIA_SL_WORD1194_REAL01_F,알다
NIA_SL_WORD1195_REAL01_F,실망
NIA_SL_WORD1196_REAL01_F,의미
NIA_SL_WORD1197_REAL01_F,배고프다
NIA_SL_WORD1198_REAL01_F,욕심
NIA_SL_WORD1199_REAL01_F,훌륭
NIA_SL_WORD1200_REAL01_F,배부르다
NIA_SL_WORD1201_REAL01_F,죄송
NIA_SL_WORD1202_REAL01_F,추억
NIA_SL_WORD1203_REAL01_F,변덕
NIA_SL_WORD1204_REAL01_F,친구
NIA_SL_WORD1205_REAL01_F,우습다
NIA_SL_WORD1206_REAL01_F,똑똑하다
NIA_SL_WORD1207_REAL01_F,이해
NIA_SL_WORD1208_REAL01_F,애매하다
NIA_SL_WORD1209_REAL01_F,흔들리다
NIA_SL_WORD1210_REAL01_F,얼굴
NIA_SL_WORD1211_REAL01_F,어렵다
NIA_SL_WORD1212_REAL01_F,지겹다
NIA_SL_WORD1213_REAL01_F,낳다
NIA_SL_WORD1214_REAL01_F,망설이다
NIA_SL_WORD1215_REAL01_F,창피
NIA_SL_WORD1216_REAL01_F,친하다
NIA_SL_WORD1217_REAL01_F,희망
NIA_SL_WORD1218_REAL01_F,하산
NIA_SL_WORD1219_REAL01_F,냄새맡다
NIA_SL_WORD1220_REAL01_F,부럽다
NIA_SL_WORD1221_REAL01_F,행동
NIA_SL_WORD1222_REAL01_F,힘들다
NIA_SL_WORD1223_REAL01_F,매력
NIA_SL_WORD1224_REAL01_F,웃다
NIA_SL_WORD1225_REAL01_F,전문
NIA_SL_WORD1226_REAL01_F,손
NIA_SL_WORD1227_REAL01_F,너그럽다
NIA_SL_WORD1228_REAL01_F,유식
NIA_SL_WORD1229_REAL01_F,쓰러지다
NIA_SL_WORD1230_REAL01_F,질투
NIA_SL_WORD1231_REAL01_F,나누다
NIA_SL_WORD1232_REAL01_F,쉽다
NIA_SL_WORD1233_REAL01_F,평가
NIA_SL_WORD1234_REAL01_F,의심
NIA_SL_WORD1235_REAL01_F,코
NIA_SL_WORD1236_REAL01_F,화나다
NIA_SL_WORD1237_REAL01_F,이것
NIA_SL_WORD1238_REAL01_F,짓밟다
NIA_SL_WORD1239_REAL01_F,콧물
NIA_SL_WORD1240_REAL01_F,놀라다
NIA_SL_WORD1241_REAL01_F,머리카락
NIA_SL_WORD1242_REAL01_F,사람
NIA_SL_WORD1243_REAL01_F,우유
NIA_SL_WORD1244_REAL01_F,졸리다
NIA_SL_WORD1245_REAL01_F,잠자다
NIA_SL_WORD1246_REAL01_F,뺨맞다
NIA_SL_WORD1247_REAL01_F,이상
NIA_SL_WORD1248_REAL01_F,춥다
NIA_SL_WORD1249_REAL01_F,머리
NIA_SL_WORD1250_REAL01_F,몰리다
NIA_SL_WORD1251_REAL01_F,우울
NIA_SL_WORD1252_REAL01_F,후회
NIA_SL_WORD1253_REAL01_F,몸
NIA_SL_WORD1254_REAL01_F,두근거리다
NIA_SL_WORD1255_REAL01_F,짜증
NIA_SL_WORD1256_REAL01_F,인격
NIA_SL_WORD1257_REAL01_F,착각
NIA_SL_WORD1258_REAL01_F,훑어보다
NIA_SL_WORD1259_REAL01_F,느낌
NIA_SL_WORD1260_REAL01_F,빨리
NIA_SL_WORD1261_REAL01_F,참다
NIA_SL_WORD1262_REAL01_F,턱
NIA_SL_WORD1263_REAL01_F,늙다
NIA_SL_WORD1264_REAL01_F,소극적
NIA_SL_WORD1265_REAL01_F,털
NIA_SL_WORD1266_REAL01_F,까다롭다
NIA_SL_WORD1267_REAL01_F,책임
NIA_SL_WORD1268_REAL01_F,기름
NIA_SL_WORD1269_REAL01_F,못하다
NIA_SL_WORD1270_REAL01_F,엉덩이
NIA_SL_WORD1271_REAL01_F,부드럽다
NIA_SL_WORD1272_REAL01_F,뽀뽀
NIA_SL_WORD1273_REAL01_F,일어나다
NIA_SL_WORD1274_REAL01_F,달리다
NIA_SL_WORD1275_REAL01_F,여자
NIA_SL_WORD1276_REAL01_F,임신
NIA_SL_WORD1277_REAL01_F,무식
NIA_SL_WORD1278_REAL01_F,싫다
NIA_SL_WORD1279_REAL01_F,입
NIA_SL_WORD1280_REAL01_F,총각
NIA_SL_WORD1281_REAL01_F,날씬
NIA_SL_WORD1282_REAL01_F,가능
NIA_SL_WORD1283_REAL01_F,사라지다
NIA_SL_WORD1284_REAL01_F,야단치다
NIA_SL_WORD1285_REAL01_F,재산
NIA_SL_WORD1286_REAL01_F,다행
NIA_SL_WORD1287_REAL01_F,갈등
NIA_SL_WORD1288_REAL01_F,기대
NIA_SL_WORD1289_REAL01_F,감동
NIA_SL_WORD1290_REAL01_F,감사
NIA_SL_WORD1291_REAL01_F,무리
NIA_SL_WORD1292_REAL01_F,초대
NIA_SL_WORD1293_REAL01_F,거만
NIA_SL_WORD1294_REAL01_F,걱정
NIA_SL_WORD1295_REAL01_F,걷다
NIA_SL_WORD1296_REAL01_F,게으르다
NIA_SL_WORD1297_REAL01_F,겨드랑이
NIA_SL_WORD1298_REAL01_F,결심
NIA_SL_WORD1299_REAL01_F,겸손
NIA_SL_WORD1300_REAL01_F,무시
NIA_SL_WORD1301_REAL01_F,시원하다
NIA_SL_WORD1302_REAL01_F,남자
NIA_SL_WORD1303_REAL01_F,기억
NIA_SL_WORD1304_REAL01_F,부족
NIA_SL_WORD1305_REAL01_F,두명
NIA_SL_WORD1306_REAL01_F,세명
NIA_SL_WORD1307_REAL01_F,네명
NIA_SL_WORD1308_REAL01_F,다섯명
NIA_SL_WORD1309_REAL01_F,여섯명
NIA_SL_WORD1310_REAL01_F,일곱명
NIA_SL_WORD1311_REAL01_F,여덟명
NIA_SL_WORD1312_REAL01_F,아홉명
NIA_SL_WORD1313_REAL01_F,열명
NIA_SL_WORD1314_REAL01_F,귀엽다
NIA_SL_WORD1315_REAL01_F,안타깝다
NIA_SL_WORD1316_REAL01_F,인터체인지
NIA_SL_WORD1317_REAL01_F,세쌍둥이
NIA_SL_WORD1318_REAL01_F,네쌍둥이
NIA_SL_WORD1319_REAL01_F,달래다
NIA_SL_WORD1320_REAL01_F,집중
NIA_SL_WORD1321_REAL01_F,검정
NIA_SL_WORD1322_REAL01_F,빨강
NIA_SL_WORD1323_REAL01_F,노랑
NIA_SL_WORD1324_REAL01_F,초록
NIA_SL_WORD1325_REAL01_F,파랑
NIA_SL_WORD1326_REAL01_F,충혈
NIA_SL_WORD1327_REAL01_F,갈색
NIA_SL_WORD1328_REAL01_F,무지개
NIA_SL_WORD1329_REAL01_F,분홍
NIA_SL_WORD1330_REAL01_F,회색
NIA_SL_WORD1331_REAL01_F,차량번호판
NIA_SL_WORD1332_REAL01_F,밉다
NIA_SL_WORD1333_REAL01_F,밉다
NIA_SL_WORD1334_REAL01_F,배려
NIA_SL_WORD1335_REAL01_F,배려
NIA_SL_WORD1336_REAL01_F,잘못하다
NIA_SL_WORD1337_REAL01_F,느리다
NIA_SL_WORD1338_REAL01_F,무덤덤
NIA_SL_WORD1339_REAL01_F,불신
NIA_SL_WORD1340_REAL01_F,전자기기
NIA_SL_WORD1341_REAL01_F,살인
NIA_SL_WORD1342_REAL01_F,왼쪽
NIA_SL_WORD1343_REAL01_F,오른쪽
NIA_SL_WORD1344_REAL01_F,서다
NIA_SL_WORD1345_REAL01_F,가다
NIA_SL_WORD1346_REAL01_F,귀찮다
NIA_SL_WORD1347_REAL01_F,귀찮다
NIA_SL_WORD1348_REAL01_F,대략
NIA_SL_WORD1349_REAL01_F,간단하다
NIA_SL_WORD1350_REAL01_F,사기
NIA_SL_WORD1351_REAL01_F,너
NIA_SL_WORD1352_REAL01_F,저
NIA_SL_WORD1353_REAL01_F,당신
NIA_SL_WORD1354_REAL01_F,너희
NIA_SL_WORD1355_REAL01_F,째려보다
NIA_SL_WORD1356_REAL01_F,냄새
NIA_SL_WORD1357_REAL01_F,때리다
NIA_SL_WORD1358_REAL01_F,떨다
NIA_SL_WORD1359_REAL01_F,틀리다
NIA_SL_WORD1360_REAL01_F,뚱뚱하다
NIA_SL_WORD1361_REAL01_F,뚱뚱하다
NIA_SL_WORD1362_REAL01_F,세배
NIA_SL_WORD1363_REAL01_F,네배
NIA_SL_WORD1364_REAL01_F,다섯배
NIA_SL_WORD1365_REAL01_F,여섯배
NIA_SL_WORD1366_REAL01_F,일곱배
NIA_SL_WORD1367_REAL01_F,여덟배
NIA_SL_WORD1368_REAL01_F,아홉배
NIA_SL_WORD1369_REAL01_F,열배
NIA_SL_WORD1370_REAL01_F,귀
NIA_SL_WORD1371_REAL01_F,눈썹
NIA_SL_WORD1372_REAL01_F,눈
NIA_SL_WORD1373_REAL01_F,치아
NIA_SL_WORD1374_REAL01_F,이마
NIA_SL_WORD1375_REAL01_F,볼
NIA_SL_WORD1376_REAL01_F,목
NIA_SL_WORD1377_REAL01_F,자다
NIA_SL_WORD1378_REAL01_F,자다
NIA_SL_WORD1379_REAL01_F,일어나다
NIA_SL_WORD1380_REAL01_F,때리다
NIA_SL_WORD1381_REAL01_F,괜찮다
NIA_SL_WORD1382_REAL01_F,덥다
NIA_SL_WORD1383_REAL01_F,따뜻하다
NIA_SL_WORD1384_REAL01_F,없다
NIA_SL_WORD1385_REAL01_F,싫다
NIA_SL_WORD1386_REAL01_F,몸
NIA_SL_WORD1387_REAL01_F,초대
NIA_SL_WORD1388_REAL01_F,초대
NIA_SL_WORD1389_REAL01_F,걷다
NIA_SL_WORD1390_REAL01_F,걷다
NIA_SL_WORD1391_REAL01_F,걷다
NIA_SL_WORD1392_REAL01_F,걷다
NIA_SL_WORD1393_REAL01_F,걷다
NIA_SL_WORD1394_REAL01_F,여자
NIA_SL_WORD1395_REAL01_F,야단치다
NIA_SL_WORD1396_REAL01_F,야단치다
NIA_SL_WORD1397_REAL01_F,째려보다
NIA_SL_WORD1398_REAL01_F,전문
NIA_SL_WORD1399_REAL01_F,미소
NIA_SL_WORD1400_REAL01_F,남녀
NIA_SL_WORD1401_REAL01_F,남녀
NIA_SL_WORD1402_REAL01_F,충무로
NIA_SL_WORD1403_REAL01_F,종각
NIA_SL_WORD1404_REAL01_F,천호
NIA_SL_WORD1405_REAL01_F,이화여자대학교
NIA_SL_WORD1406_REAL01_F,종로3가
NIA_SL_WORD1407_REAL01_F,종로5가
NIA_SL_WORD1408_REAL01_F,을지로
NIA_SL_WORD1409_REAL01_F,을지로3가
NIA_SL_WORD1410_REAL01_F,을지로4가
NIA_SL_WORD1411_REAL01_F,강남
NIA_SL_WORD1412_REAL01_F,삼성
NIA_SL_WORD1413_REAL01_F,강남구청
NIA_SL_WORD1414_REAL01_F,강북
NIA_SL_WORD1415_REAL01_F,강서
NIA_SL_WORD1416_REAL01_F,까치산
NIA_SL_WORD1417_REAL01_F,발산
NIA_SL_WORD1418_REAL01_F,김포
NIA_SL_WORD1419_REAL01_F,양천
NIA_SL_WORD1420_REAL01_F,공항시장
NIA_SL_WORD1421_REAL01_F,관악
NIA_SL_WORD1422_REAL01_F,서울대학교
NIA_SL_WORD1423_REAL01_F,아차산
NIA_SL_WORD1424_REAL01_F,어린이대공원
NIA_SL_WORD1425_REAL01_F,금천
NIA_SL_WORD1426_REAL01_F,독산
NIA_SL_WORD1427_REAL01_F,금천구청
NIA_SL_WORD1428_REAL01_F,노원
NIA_SL_WORD1429_REAL01_F,도봉산
NIA_SL_WORD1430_REAL01_F,청량리
NIA_SL_WORD1431_REAL01_F,동대문
NIA_SL_WORD1432_REAL01_F,동작
NIA_SL_WORD1433_REAL01_F,노량진
NIA_SL_WORD1434_REAL01_F,마포
NIA_SL_WORD1435_REAL01_F,홍익대학교
NIA_SL_WORD1436_REAL01_F,서대문
NIA_SL_WORD1437_REAL01_F,고속터미널
NIA_SL_WORD1438_REAL01_F,남부터미널
NIA_SL_WORD1439_REAL01_F,성동
NIA_SL_WORD1440_REAL01_F,왕십리
NIA_SL_WORD1441_REAL01_F,서울숲
NIA_SL_WORD1442_REAL01_F,성북
NIA_SL_WORD1443_REAL01_F,고려대학교
NIA_SL_WORD1444_REAL01_F,송파
NIA_SL_WORD1445_REAL01_F,종합운동장
NIA_SL_WORD1446_REAL01_F,잠실
NIA_SL_WORD1447_REAL01_F,잠실
NIA_SL_WORD1448_REAL01_F,올림픽공원
NIA_SL_WORD1449_REAL01_F,영등포
NIA_SL_WORD1450_REAL01_F,영등포시장
NIA_SL_WORD1451_REAL01_F,여의도
NIA_SL_WORD1452_REAL01_F,용산
NIA_SL_WORD1453_REAL01_F,신용산
NIA_SL_WORD1454_REAL01_F,이태원
NIA_SL_WORD1455_REAL01_F,광화문
NIA_SL_WORD1456_REAL01_F,시청
NIA_SL_WORD1457_REAL01_F,남대문시장
NIA_SL_WORD1458_REAL01_F,명동
NIA_SL_WORD1459_REAL01_F,광주
NIA_SL_WORD1460_REAL01_F,구리
NIA_SL_WORD1461_REAL01_F,분당
NIA_SL_WORD1462_REAL01_F,남양주
NIA_SL_WORD1463_REAL01_F,성남
NIA_SL_WORD1464_REAL01_F,하남
NIA_SL_WORD1465_REAL01_F,과천
NIA_SL_WORD1466_REAL01_F,서울대공원
NIA_SL_WORD1467_REAL01_F,광명
NIA_SL_WORD1468_REAL01_F,군포
NIA_SL_WORD1469_REAL01_F,부천
NIA_SL_WORD1470_REAL01_F,시흥
NIA_SL_WORD1471_REAL01_F,양평
NIA_SL_WORD1472_REAL01_F,안산
NIA_SL_WORD1473_REAL01_F,안양
NIA_SL_WORD1474_REAL01_F,안양대학교
NIA_SL_WORD1475_REAL01_F,수원
NIA_SL_WORD1476_REAL01_F,안성
NIA_SL_WORD1477_REAL01_F,중앙대학교
NIA_SL_WORD1478_REAL01_F,용인
NIA_SL_WORD1479_REAL01_F,강남대학교
NIA_SL_WORD1480_REAL01_F,에버랜드
NIA_SL_WORD1481_REAL01_F,용인대학교
NIA_SL_WORD1482_REAL01_F,한국민속촌
NIA_SL_WORD1483_REAL01_F,이천
NIA_SL_WORD1484_REAL01_F,평택
NIA_SL_WORD1485_REAL01_F,화성
NIA_SL_WORD1486_REAL01_F,고양
NIA_SL_WORD1487_REAL01_F,동두천
NIA_SL_WORD1488_REAL01_F,양주
NIA_SL_WORD1489_REAL01_F,연천
NIA_SL_WORD1490_REAL01_F,파주
NIA_SL_WORD1491_REAL01_F,포천
NIA_SL_WORD1492_REAL01_F,가족
NIA_SL_WORD1493_REAL01_F,전염
NIA_SL_WORD1494_REAL01_F,운전면허갱신
NIA_SL_WORD1495_REAL01_F,차량점검
NIA_SL_WORD1496_REAL01_F,병원
NIA_SL_WORD1497_REAL01_F,결혼
NIA_SL_WORD1498_REAL01_F,경주
NIA_SL_WORD1499_REAL01_F,이모
NIA_SL_WORD1500_REAL01_F,고모
NIA_SL_WORD1501_REAL01_F,운전면허
NIA_SL_WORD1502_REAL01_F,골키퍼
NIA_SL_WORD1503_REAL01_F,구경
NIA_SL_WORD1504_REAL01_F,성토
NIA_SL_WORD1505_REAL01_F,권투
NIA_SL_WORD1506_REAL01_F,그립다
NIA_SL_WORD1507_REAL01_F,키우다
NIA_SL_WORD1508_REAL01_F,힘
NIA_SL_WORD1509_REAL01_F,망가지다
NIA_SL_WORD1510_REAL01_F,꿈
NIA_SL_WORD1511_REAL01_F,낚시
NIA_SL_WORD1512_REAL01_F,남매
NIA_SL_WORD1513_REAL01_F,운전면허정지
NIA_SL_WORD1514_REAL01_F,노래
NIA_SL_WORD1515_REAL01_F,놀다
NIA_SL_WORD1516_REAL01_F,누나
NIA_SL_WORD1517_REAL01_F,울보
NIA_SL_WORD1518_REAL01_F,여동생
NIA_SL_WORD1519_REAL01_F,상처
NIA_SL_WORD1520_REAL01_F,견제하다
NIA_SL_WORD1521_REAL01_F,견문
NIA_SL_WORD1522_REAL01_F,딸
NIA_SL_WORD1523_REAL01_F,유도
NIA_SL_WORD1524_REAL01_F,아내
NIA_SL_WORD1525_REAL01_F,마라톤
NIA_SL_WORD1526_REAL01_F,장녀
NIA_SL_WORD1527_REAL01_F,원한
NIA_SL_WORD1528_REAL01_F,엄마
NIA_SL_WORD1529_REAL01_F,썩다
NIA_SL_WORD1530_REAL01_F,바쁘다
NIA_SL_WORD1531_REAL01_F,남편
NIA_SL_WORD1532_REAL01_F,버릇
NIA_SL_WORD1533_REAL01_F,병
NIA_SL_WORD1534_REAL01_F,밥
NIA_SL_WORD1535_REAL01_F,부부
NIA_SL_WORD1536_REAL01_F,붓다
NIA_SL_WORD1537_REAL01_F,빗
NIA_SL_WORD1538_REAL01_F,죽다
NIA_SL_WORD1539_REAL01_F,사진기
NIA_SL_WORD1540_REAL01_F,생활
NIA_SL_WORD1541_REAL01_F,성공
NIA_SL_WORD1542_REAL01_F,자라다
NIA_SL_WORD1543_REAL01_F,세수
NIA_SL_WORD1544_REAL01_F,자다
NIA_SL_WORD1545_REAL01_F,수영
NIA_SL_WORD1546_REAL01_F,승부차기
NIA_SL_WORD1547_REAL01_F,시아버지
NIA_SL_WORD1548_REAL01_F,망신
NIA_SL_WORD1549_REAL01_F,시집
NIA_SL_WORD1550_REAL01_F,뚫다
NIA_SL_WORD1551_REAL01_F,면박
NIA_SL_WORD1552_REAL01_F,야구
NIA_SL_WORD1553_REAL01_F,똑똑하다
NIA_SL_WORD1554_REAL01_F,피곤
NIA_SL_WORD1555_REAL01_F,양치
NIA_SL_WORD1556_REAL01_F,오빠
NIA_SL_WORD1557_REAL01_F,출장
NIA_SL_WORD1558_REAL01_F,이사
NIA_SL_WORD1559_REAL01_F,들추어내다
NIA_SL_WORD1560_REAL01_F,아들딸
NIA_SL_WORD1561_REAL01_F,자살
NIA_SL_WORD1562_REAL01_F,8번째
NIA_SL_WORD1563_REAL01_F,맏형
NIA_SL_WORD1564_REAL01_F,테니스
NIA_SL_WORD1565_REAL01_F,할머니
NIA_SL_WORD1566_REAL01_F,할아버지
NIA_SL_WORD1567_REAL01_F,조상
NIA_SL_WORD1568_REAL01_F,조카
NIA_SL_WORD1569_REAL01_F,중독
NIA_SL_WORD1570_REAL01_F,연기
NIA_SL_WORD1571_REAL01_F,치매
NIA_SL_WORD1572_REAL01_F,탈
NIA_SL_WORD1573_REAL01_F,흩어지다
NIA_SL_WORD1574_REAL01_F,형
NIA_SL_WORD1575_REAL01_F,사별
NIA_SL_WORD1576_REAL01_F,환자
NIA_SL_WORD1577_REAL01_F,시작
NIA_SL_WORD1578_REAL01_F,밖
NIA_SL_WORD1579_REAL01_F,먹칠하다
NIA_SL_WORD1580_REAL01_F,견습
NIA_SL_WORD1581_REAL01_F,시험
NIA_SL_WORD1582_REAL01_F,고백
NIA_SL_WORD1583_REAL01_F,째려보다
NIA_SL_WORD1584_REAL01_F,관계
NIA_SL_WORD1585_REAL01_F,논란
NIA_SL_WORD1586_REAL01_F,교제
NIA_SL_WORD1587_REAL01_F,구걸
NIA_SL_WORD1588_REAL01_F,구조
NIA_SL_WORD1589_REAL01_F,부탁
NIA_SL_WORD1590_REAL01_F,글
NIA_SL_WORD1591_REAL01_F,대기
NIA_SL_WORD1592_REAL01_F,회사
NIA_SL_WORD1593_REAL01_F,기차
NIA_SL_WORD1594_REAL01_F,거슬리다
NIA_SL_WORD1595_REAL01_F,단어
NIA_SL_WORD1596_REAL01_F,심부름
NIA_SL_WORD1597_REAL01_F,상담
NIA_SL_WORD1598_REAL01_F,뻔뻔
NIA_SL_WORD1599_REAL01_F,다리
NIA_SL_WORD1600_REAL01_F,창피하다
NIA_SL_WORD1601_REAL01_F,달서구주민지원센터
NIA_SL_WORD1602_REAL01_F,동구지부
NIA_SL_WORD1603_REAL01_F,동구수어통역센터
NIA_SL_WORD1604_REAL01_F,동구주민지원센터
NIA_SL_WORD1605_REAL01_F,수성구지부
NIA_SL_WORD1606_REAL01_F,수성구수어통역센터
NIA_SL_WORD1607_REAL01_F,수성구주민지원센터
NIA_SL_WORD1608_REAL01_F,인천광역시농아인협회
NIA_SL_WORD1609_REAL01_F,강화군지부
NIA_SL_WORD1610_REAL01_F,강화군수어통역센터
NIA_SL_WORD1611_REAL01_F,강화군주민지원센터
NIA_SL_WORD1612_REAL01_F,연수구지부
NIA_SL_WORD1613_REAL01_F,연수구수어통역센터
NIA_SL_WORD1614_REAL01_F,연수구주민지원센터
NIA_SL_WORD1615_REAL01_F,대전농아인협회
NIA_SL_WORD1616_REAL01_F,대덕구지부
NIA_SL_WORD1617_REAL01_F,대덕수어통역센터
NIA_SL_WORD1618_REAL01_F,대덕구주민지원센터
NIA_SL_WORD1619_REAL01_F,서구지부
NIA_SL_WORD1620_REAL01_F,서구수어통역센터
NIA_SL_WORD1621_REAL01_F,서구주민지원센터
NIA_SL_WORD1622_REAL01_F,유성구지부
NIA_SL_WORD1623_REAL01_F,유성구수어통역센터
NIA_SL_WORD1624_REAL01_F,유성구주민지원센터
NIA_SL_WORD1625_REAL01_F,중구지부
NIA_SL_WORD1626_REAL01_F,중구수어통역센터
NIA_SL_WORD1627_REAL01_F,중구주민지원센터
NIA_SL_WORD1628_REAL01_F,광주광역시농아인협회
NIA_SL_WORD1629_REAL01_F,광산구지부
NIA_SL_WORD1630_REAL01_F,광산구수어통역센터
NIA_SL_WORD1631_REAL01_F,광산구주민지원센터
NIA_SL_WORD1632_REAL01_F,남구지부
NIA_SL_WORD1633_REAL01_F,남구수어통역센터
NIA_SL_WORD1634_REAL01_F,남구주민지원센터
NIA_SL_WORD1635_REAL01_F,관계없다
NIA_SL_WORD1636_REAL01_F,상관없다
NIA_SL_WORD1637_REAL01_F,없다
NIA_SL_WORD1638_REAL01_F,울산광역시농아인협회
NIA_SL_WORD1639_REAL01_F,세종특별자치시농아인협회
NIA_SL_WORD1640_REAL01_F,경기농아인협회
NIA_SL_WORD1641_REAL01_F,가평군지부
NIA_SL_WORD1642_REAL01_F,가평군수어통역센터
NIA_SL_WORD1643_REAL01_F,가평군주민지원센터
NIA_SL_WORD1644_REAL01_F,고양시지부
NIA_SL_WORD1645_REAL01_F,고양시수어통역센터
NIA_SL_WORD1646_REAL01_F,고양시청
NIA_SL_WORD1647_REAL01_F,과천시지부
NIA_SL_WORD1648_REAL01_F,과천시수어통역센터
NIA_SL_WORD1649_REAL01_F,과천시청
NIA_SL_WORD1650_REAL01_F,광명시지부
NIA_SL_WORD1651_REAL01_F,광명시수어통역센터
NIA_SL_WORD1652_REAL01_F,광명시청
NIA_SL_WORD1653_REAL01_F,광주시지부
NIA_SL_WORD1654_REAL01_F,광주시수어통역센터
NIA_SL_WORD1655_REAL01_F,광주시청
NIA_SL_WORD1656_REAL01_F,구리시지부
NIA_SL_WORD1657_REAL01_F,구리시수어통역센터
NIA_SL_WORD1658_REAL01_F,구리시청
NIA_SL_WORD1659_REAL01_F,군포시지부
NIA_SL_WORD1660_REAL01_F,군포시수어통역센터
NIA_SL_WORD1661_REAL01_F,군포시청
NIA_SL_WORD1662_REAL01_F,김포시지부
NIA_SL_WORD1663_REAL01_F,김포시수어통역센터
NIA_SL_WORD1664_REAL01_F,김포시청
NIA_SL_WORD1665_REAL01_F,남양주시지부
NIA_SL_WORD1666_REAL01_F,남양주시수어통역센터
NIA_SL_WORD1667_REAL01_F,남양주시청
NIA_SL_WORD1668_REAL01_F,동두천시지부
NIA_SL_WORD1669_REAL01_F,동두천시수어통역센터
NIA_SL_WORD1670_REAL01_F,동두천시청
NIA_SL_WORD1671_REAL01_F,부천시지부
NIA_SL_WORD1672_REAL01_F,부천시수어통역센터
NIA_SL_WORD1673_REAL01_F,부천시청
NIA_SL_WORD1674_REAL01_F,성남시지부
NIA_SL_WORD1675_REAL01_F,성남시수어통역센터
NIA_SL_WORD1676_REAL01_F,성남시청
NIA_SL_WORD1677_REAL01_F,안성시지부
NIA_SL_WORD1678_REAL01_F,안성시수어통역센터
NIA_SL_WORD1679_REAL01_F,안성시청
NIA_SL_WORD1680_REAL01_F,안양시지부
NIA_SL_WORD1681_REAL01_F,안양시수어통역센터
NIA_SL_WORD1682_REAL01_F,안양시청
NIA_SL_WORD1683_REAL01_F,양주시지부
NIA_SL_WORD1684_REAL01_F,양주시수어통역센터
NIA_SL_WORD1685_REAL01_F,양주시청
NIA_SL_WORD1686_REAL01_F,양평군지부
NIA_SL_WORD1687_REAL01_F,양평군수어통역센터
NIA_SL_WORD1688_REAL01_F,양평군주민지원센터
NIA_SL_WORD1689_REAL01_F,여주시지부
NIA_SL_WORD1690_REAL01_F,여주시수어통역센터
NIA_SL_WORD1691_REAL01_F,여주시청
NIA_SL_WORD1692_REAL01_F,연천군지부
NIA_SL_WORD1693_REAL01_F,연천군수어통역센터
NIA_SL_WORD1694_REAL01_F,연천군주민지원센터
NIA_SL_WORD1695_REAL01_F,오산시지부
NIA_SL_WORD1696_REAL01_F,오산시수어통역센터
NIA_SL_WORD1697_REAL01_F,오산시시청
NIA_SL_WORD1698_REAL01_F,용인시지부
NIA_SL_WORD1699_REAL01_F,용인시수어통역센터
NIA_SL_WORD1700_REAL01_F,용인시청
NIA_SL_WORD1701_REAL01_F,의왕시지부
NIA_SL_WORD1702_REAL01_F,의왕시수어통역센터
NIA_SL_WORD1703_REAL01_F,의왕시청
NIA_SL_WORD1704_REAL01_F,의정부시지부
NIA_SL_WORD1705_REAL01_F,의정부시수어통역센터
NIA_SL_WORD1706_REAL01_F,의정부시청
NIA_SL_WORD1707_REAL01_F,이천시지부
NIA_SL_WORD1708_REAL01_F,이천시수어통역센터
NIA_SL_WORD1709_REAL01_F,이천시청
NIA_SL_WORD1710_REAL01_F,파주시지부
NIA_SL_WORD1711_REAL01_F,파주시수어통역센터
NIA_SL_WORD1712_REAL01_F,파주시청
NIA_SL_WORD1713_REAL01_F,평택시지부
NIA_SL_WORD1714_REAL01_F,평택시수어통역센터
NIA_SL_WORD1715_REAL01_F,평택시청
NIA_SL_WORD1716_REAL01_F,포천시지부
NIA_SL_WORD1717_REAL01_F,포천시수어통역센터
NIA_SL_WORD1718_REAL01_F,포천시청
NIA_SL_WORD1719_REAL01_F,하남시지부
NIA_SL_WORD1720_REAL01_F,하남시수어통역센터
NIA_SL_WORD1721_REAL01_F,하남시청
NIA_SL_WORD1722_REAL01_F,화성시지부
NIA_SL_WORD1723_REAL01_F,화성시수어통역센터
NIA_SL_WORD1724_REAL01_F,화성시청
NIA_SL_WORD1725_REAL01_F,강원도농아인협회
NIA_SL_WORD1726_REAL01_F,강릉시지부
NIA_SL_WORD1727_REAL01_F,강릉시수어통역센터
NIA_SL_WORD1728_REAL01_F,강릉시청
NIA_SL_WORD1729_REAL01_F,고성지부
NIA_SL_WORD1730_REAL01_F,고성시수어통역센터
NIA_SL_WORD1731_REAL01_F,재미없다
NIA_SL_WORD1732_REAL01_F,동해시지부
NIA_SL_WORD1733_REAL01_F,동해시수어통역센터
NIA_SL_WORD1734_REAL01_F,동해시청
NIA_SL_WORD1735_REAL01_F,삼척시지부
NIA_SL_WORD1736_REAL01_F,삼척시수어통역센터
NIA_SL_WORD1737_REAL01_F,삼척시청
NIA_SL_WORD1738_REAL01_F,속초시지부
NIA_SL_WORD1739_REAL01_F,속초시수어통역센터
NIA_SL_WORD1740_REAL01_F,속초시청
NIA_SL_WORD1741_REAL01_F,양양군지부
NIA_SL_WORD1742_REAL01_F,양양군수어통역센터
NIA_SL_WORD1743_REAL01_F,양양군주민지원센터
NIA_SL_WORD1744_REAL01_F,영월군지부
NIA_SL_WORD1745_REAL01_F,영월군수어통역센터
NIA_SL_WORD1746_REAL01_F,영월군주민지원센터
NIA_SL_WORD1747_REAL01_F,원주시지부
NIA_SL_WORD1748_REAL01_F,원주시수어통역센터
NIA_SL_WORD1749_REAL01_F,원주시청
NIA_SL_WORD1750_REAL01_F,비다
NIA_SL_WORD1751_REAL01_F,솜씨없다
NIA_SL_WORD1752_REAL01_F,무소유
NIA_SL_WORD1753_REAL01_F,철원군지부
NIA_SL_WORD1754_REAL01_F,철원군수어통역센터
NIA_SL_WORD1755_REAL01_F,철원군주민지원센터
NIA_SL_WORD1756_REAL01_F,춘천시지부
NIA_SL_WORD1757_REAL01_F,춘천시수어통역센터
NIA_SL_WORD1758_REAL01_F,춘천시청
NIA_SL_WORD1759_REAL01_F,더디다
NIA_SL_WORD1760_REAL01_F,한눈팔다
NIA_SL_WORD1761_REAL01_F,건성
NIA_SL_WORD1762_REAL01_F,평창지부
NIA_SL_WORD1763_REAL01_F,평창군수어통역센터
NIA_SL_WORD1764_REAL01_F,평창군주민지원센터
NIA_SL_WORD1765_REAL01_F,홍천군지부
NIA_SL_WORD1766_REAL01_F,홍천군수어통역센터
NIA_SL_WORD1767_REAL01_F,홍천군주민지원센터
NIA_SL_WORD1768_REAL01_F,화천군지부
NIA_SL_WORD1769_REAL01_F,화천군수어통역센터
NIA_SL_WORD1770_REAL01_F,화천군주민지원센터
NIA_SL_WORD1771_REAL01_F,횡성군지부
NIA_SL_WORD1772_REAL01_F,횡성군수어통역센터
NIA_SL_WORD1773_REAL01_F,횡성군주민지원센터
NIA_SL_WORD1774_REAL01_F,충북농아인협회
NIA_SL_WORD1775_REAL01_F,괴산군지부
NIA_SL_WORD1776_REAL01_F,괴산군수어통역센터
NIA_SL_WORD1777_REAL01_F,괴산군주민지원센터
NIA_SL_WORD1778_REAL01_F,단양군지부
NIA_SL_WORD1779_REAL01_F,단양군수어통역센터
NIA_SL_WORD1780_REAL01_F,단양군주민지원센터
NIA_SL_WORD1781_REAL01_F,보은군지부
NIA_SL_WORD1782_REAL01_F,보은군수어통역센터
NIA_SL_WORD1783_REAL01_F,보은군주민지원센터
NIA_SL_WORD1784_REAL01_F,영동군지부
NIA_SL_WORD1785_REAL01_F,영동군수어통역센터
NIA_SL_WORD1786_REAL01_F,영동군주민지원센터
NIA_SL_WORD1787_REAL01_F,옥천군지부
NIA_SL_WORD1788_REAL01_F,옥천군수어통역센터
NIA_SL_WORD1789_REAL01_F,옥천군주민지원센터
NIA_SL_WORD1790_REAL01_F,제천시지부
NIA_SL_WORD1791_REAL01_F,제천시수어통역센터
NIA_SL_WORD1792_REAL01_F,제천시청
NIA_SL_WORD1793_REAL01_F,진천군지부
NIA_SL_WORD1794_REAL01_F,진천군수어통역센터
NIA_SL_WORD1795_REAL01_F,진천군주민지원센터
NIA_SL_WORD1796_REAL01_F,청주시지부
NIA_SL_WORD1797_REAL01_F,청주시수어통역센터
NIA_SL_WORD1798_REAL01_F,청주시청
NIA_SL_WORD1799_REAL01_F,충주시지부
NIA_SL_WORD1800_REAL01_F,충주시수어통역센터
NIA_SL_WORD1801_REAL01_F,충주시청
NIA_SL_WORD1802_REAL01_F,충남농아인협회
NIA_SL_WORD1803_REAL01_F,천안시지부
NIA_SL_WORD1804_REAL01_F,천안시수어통역센터
NIA_SL_WORD1805_REAL01_F,천안시청
NIA_SL_WORD1806_REAL01_F,공주시지부
NIA_SL_WORD1807_REAL01_F,공주시수어통역센터
NIA_SL_WORD1808_REAL01_F,공주시청
NIA_SL_WORD1809_REAL01_F,9번째
NIA_SL_WORD1810_REAL01_F,10번째
NIA_SL_WORD1811_REAL01_F,12번째
NIA_SL_WORD1812_REAL01_F,논산시지부
NIA_SL_WORD1813_REAL01_F,논산시수어통역센터
NIA_SL_WORD1814_REAL01_F,논산시청
NIA_SL_WORD1815_REAL01_F,당진시지부
NIA_SL_WORD1816_REAL01_F,당진시수어통역센터
NIA_SL_WORD1817_REAL01_F,당진시청
NIA_SL_WORD1818_REAL01_F,보령시지부
NIA_SL_WORD1819_REAL01_F,보령수어통역센터
NIA_SL_WORD1820_REAL01_F,보령시청
NIA_SL_WORD1821_REAL01_F,부여군지부
NIA_SL_WORD1822_REAL01_F,부여군수어통역센터
NIA_SL_WORD1823_REAL01_F,부여군주민지원센터
NIA_SL_WORD1824_REAL01_F,서산시지부
NIA_SL_WORD1825_REAL01_F,서산시수어통역센터
NIA_SL_WORD1826_REAL01_F,서산시청
NIA_SL_WORD1827_REAL01_F,서천군지부
NIA_SL_WORD1828_REAL01_F,서천군수어통역센터
NIA_SL_WORD1829_REAL01_F,서천군주민지원센터
NIA_SL_WORD1830_REAL01_F,아산시지부
NIA_SL_WORD1831_REAL01_F,아산시수어통역센터
NIA_SL_WORD1832_REAL01_F,아산시청
NIA_SL_WORD1833_REAL01_F,예산군지부
NIA_SL_WORD1834_REAL01_F,예산군수어통역센터
NIA_SL_WORD1835_REAL01_F,예산군주민지원센터
NIA_SL_WORD1836_REAL01_F,청양군지부
NIA_SL_WORD1837_REAL01_F,청양군수어통역센터
NIA_SL_WORD1838_REAL01_F,청양군주민지원센터
NIA_SL_WORD1839_REAL01_F,태안군지부
NIA_SL_WORD1840_REAL01_F,태안군수어통역센터
NIA_SL_WORD1841_REAL01_F,태안군주민지원센터
NIA_SL_WORD1842_REAL01_F,홍성군지부
NIA_SL_WORD1843_REAL01_F,홍성군수어통역센터
NIA_SL_WORD1844_REAL01_F,홍성군주민지원센터
NIA_SL_WORD1845_REAL01_F,전북농아인협회
NIA_SL_WORD1846_REAL01_F,고창군지부
NIA_SL_WORD1847_REAL01_F,고창군수어통역센터
NIA_SL_WORD1848_REAL01_F,고창군주민지원센터
NIA_SL_WORD1849_REAL01_F,군산시지부
NIA_SL_WORD1850_REAL01_F,군산시수어통역센터
NIA_SL_WORD1851_REAL01_F,군산시청
NIA_SL_WORD1852_REAL01_F,김제시지부
NIA_SL_WORD1853_REAL01_F,김제시수어통역센터
NIA_SL_WORD1854_REAL01_F,김제시청
NIA_SL_WORD1855_REAL01_F,남원시지부
NIA_SL_WORD1856_REAL01_F,군산시청
NIA_SL_WORD1857_REAL01_F,남원시청
NIA_SL_WORD1858_REAL01_F,무주군지부
NIA_SL_WORD1859_REAL01_F,무주군수어통역센터
NIA_SL_WORD1860_REAL01_F,무주군주민지원센터
NIA_SL_WORD1861_REAL01_F,부안군지부
NIA_SL_WORD1862_REAL01_F,부안군수어통역센터
NIA_SL_WORD1863_REAL01_F,부안군주민지원센터
NIA_SL_WORD1864_REAL01_F,순창군지부
NIA_SL_WORD1865_REAL01_F,순창군주민지원센터
NIA_SL_WORD1866_REAL01_F,순창군주민지원센터
NIA_SL_WORD1867_REAL01_F,완주군지부
NIA_SL_WORD1868_REAL01_F,완주군수어통역센터
NIA_SL_WORD1869_REAL01_F,완주군주민지원센터
NIA_SL_WORD1870_REAL01_F,익산시지부
NIA_SL_WORD1871_REAL01_F,익산시수어통역센터
NIA_SL_WORD1872_REAL01_F,익산시청
NIA_SL_WORD1873_REAL01_F,임실군지부
NIA_SL_WORD1874_REAL01_F,임실군수어통역센터
NIA_SL_WORD1875_REAL01_F,임실군주민지원센터
NIA_SL_WORD1876_REAL01_F,빈털터리
NIA_SL_WORD1877_REAL01_F,평가하다
NIA_SL_WORD1878_REAL01_F,불가능
NIA_SL_WORD1879_REAL01_F,전주시지부
NIA_SL_WORD1880_REAL01_F,전주시수어통역센터
NIA_SL_WORD1881_REAL01_F,전주시청
NIA_SL_WORD1882_REAL01_F,전남농아인협회
NIA_SL_WORD1883_REAL01_F,강진군지부
NIA_SL_WORD1884_REAL01_F,강진군수어통역센터
NIA_SL_WORD1885_REAL01_F,강진군주민지원센터
NIA_SL_WORD1886_REAL01_F,고흥군지부
NIA_SL_WORD1887_REAL01_F,고흥군수어통역센터
NIA_SL_WORD1888_REAL01_F,고흥군주민지원센터
NIA_SL_WORD1889_REAL01_F,곡성군지부
NIA_SL_WORD1890_REAL01_F,곡성군수어통역센터
NIA_SL_WORD1891_REAL01_F,곡성군주민지원센터
NIA_SL_WORD1892_REAL01_F,광양군지부
NIA_SL_WORD1893_REAL01_F,광양군수어통역센터
NIA_SL_WORD1894_REAL01_F,광양군주민지원센터
NIA_SL_WORD1895_REAL01_F,나주시지부
NIA_SL_WORD1896_REAL01_F,나주시수어통역센터
NIA_SL_WORD1897_REAL01_F,나주시청
NIA_SL_WORD1898_REAL01_F,목포시지부
NIA_SL_WORD1899_REAL01_F,목포시수어통역센터
NIA_SL_WORD1900_REAL01_F,목포시청
NIA_SL_WORD1901_REAL01_F,무안군지부
NIA_SL_WORD1902_REAL01_F,무안군수어통역센터
NIA_SL_WORD1903_REAL01_F,무안군주민지원센터
NIA_SL_WORD1904_REAL01_F,보성군지부
NIA_SL_WORD1905_REAL01_F,보성군수어통역센터
NIA_SL_WORD1906_REAL01_F,보성군주민지원센터
NIA_SL_WORD1907_REAL01_F,순천시지부
NIA_SL_WORD1908_REAL01_F,순천시수어통역센터
NIA_SL_WORD1909_REAL01_F,순천시청
NIA_SL_WORD1910_REAL01_F,신안군지부
NIA_SL_WORD1911_REAL01_F,신안군수어통역센터
NIA_SL_WORD1912_REAL01_F,신안군주민지원센터
NIA_SL_WORD1913_REAL01_F,여수시지부
NIA_SL_WORD1914_REAL01_F,여수시수어통역센터
NIA_SL_WORD1915_REAL01_F,여수시청
NIA_SL_WORD1916_REAL01_F,영광군지부
NIA_SL_WORD1917_REAL01_F,영광군수어통역센터
NIA_SL_WORD1918_REAL01_F,영광군주민지원센터
NIA_SL_WORD1919_REAL01_F,영암군지부
NIA_SL_WORD1920_REAL01_F,영암군수어통역센터
NIA_SL_WORD1921_REAL01_F,영암군주민지원센터
NIA_SL_WORD1922_REAL01_F,불필요
NIA_SL_WORD1923_REAL01_F,하는수없다
NIA_SL_WORD1924_REAL01_F,맛없다
NIA_SL_WORD1925_REAL01_F,장흥군지부
NIA_SL_WORD1926_REAL01_F,장흥군수어통역센터
NIA_SL_WORD1927_REAL01_F,장흥군주민지원센터
NIA_SL_WORD1928_REAL01_F,진도군지부
NIA_SL_WORD1929_REAL01_F,진도군수어통역센터
NIA_SL_WORD1930_REAL01_F,진도군주민지원센터
NIA_SL_WORD1931_REAL01_F,해남군지부
NIA_SL_WORD1932_REAL01_F,해남군수어통역센터
NIA_SL_WORD1933_REAL01_F,해남군주민지원센터
NIA_SL_WORD1934_REAL01_F,경북농아인협회
NIA_SL_WORD1935_REAL01_F,경산시지부
NIA_SL_WORD1936_REAL01_F,경산시수어통역센터
NIA_SL_WORD1937_REAL01_F,경산시청
NIA_SL_WORD1938_REAL01_F,경주시지부
NIA_SL_WORD1939_REAL01_F,경주시수어통역센터
NIA_SL_WORD1940_REAL01_F,경주시청
NIA_SL_WORD1941_REAL01_F,고령군지부
NIA_SL_WORD1942_REAL01_F,고령군수어통역센터
NIA_SL_WORD1943_REAL01_F,고령군주민지원센터
NIA_SL_WORD1944_REAL01_F,구미시지부
NIA_SL_WORD1945_REAL01_F,구미시수어통역센터
NIA_SL_WORD1946_REAL01_F,구미시청
NIA_SL_WORD1947_REAL01_F,군위군지부
NIA_SL_WORD1948_REAL01_F,군위군수어통역센터
NIA_SL_WORD1949_REAL01_F,군위주민지원센터
NIA_SL_WORD1950_REAL01_F,김천시지부
NIA_SL_WORD1951_REAL01_F,김천시수어통역센터
NIA_SL_WORD1952_REAL01_F,아하
NIA_SL_WORD1953_REAL01_F,문경시지부
NIA_SL_WORD1954_REAL01_F,문경시수어통역센터
NIA_SL_WORD1955_REAL01_F,문경시청
NIA_SL_WORD1956_REAL01_F,봉화군지부
NIA_SL_WORD1957_REAL01_F,봉화군수어통역센터
NIA_SL_WORD1958_REAL01_F,봉화군주민지원센터
NIA_SL_WORD1959_REAL01_F,상주시지부
NIA_SL_WORD1960_REAL01_F,상주시수어통역센터
NIA_SL_WORD1961_REAL01_F,상주시청
NIA_SL_WORD1962_REAL01_F,성주시지부
NIA_SL_WORD1963_REAL01_F,성주시수어통역센터
NIA_SL_WORD1964_REAL01_F,성주시청
NIA_SL_WORD1965_REAL01_F,안동시지부
NIA_SL_WORD1966_REAL01_F,안동시수어통역센터
NIA_SL_WORD1967_REAL01_F,안동시청
NIA_SL_WORD1968_REAL01_F,영덕군지부
NIA_SL_WORD1969_REAL01_F,영덕군수어통역센터
NIA_SL_WORD1970_REAL01_F,영덕군주민지원센터
NIA_SL_WORD1971_REAL01_F,영양군지부
NIA_SL_WORD1972_REAL01_F,영양군수어통역센터
NIA_SL_WORD1973_REAL01_F,영양군주민지원센터
NIA_SL_WORD1974_REAL01_F,영주시지부
NIA_SL_WORD1975_REAL01_F,영주시수어통역센터
NIA_SL_WORD1976_REAL01_F,영주시청
NIA_SL_WORD1977_REAL01_F,영천시지부
NIA_SL_WORD1978_REAL01_F,영천시수어통역센터
NIA_SL_WORD1979_REAL01_F,영천시청
NIA_SL_WORD1980_REAL01_F,예천군지부
NIA_SL_WORD1981_REAL01_F,예천군수어통역센터
NIA_SL_WORD1982_REAL01_F,예천군주민지원센터
NIA_SL_WORD1983_REAL01_F,울릉군지부
NIA_SL_WORD1984_REAL01_F,울릉군수어통역센터
NIA_SL_WORD1985_REAL01_F,울릉군주민지원센터
NIA_SL_WORD1986_REAL01_F,울진군지부
NIA_SL_WORD1987_REAL01_F,울진군수어통역센터
NIA_SL_WORD1988_REAL01_F,울진군주민지원센터
NIA_SL_WORD1989_REAL01_F,의성군지부
NIA_SL_WORD1990_REAL01_F,의성군수어통역센터
NIA_SL_WORD1991_REAL01_F,의성군주민지원센터
NIA_SL_WORD1992_REAL01_F,청도군지부
NIA_SL_WORD1993_REAL01_F,청도군수어통역센터
NIA_SL_WORD1994_REAL01_F,청도군주민지원센터
NIA_SL_WORD1995_REAL01_F,청송군지부
NIA_SL_WORD1996_REAL01_F,청송군수어통역센터
NIA_SL_WORD1997_REAL01_F,청송군주민지원센터
NIA_SL_WORD1998_REAL01_F,칠곡군지부
NIA_SL_WORD1999_REAL01_F,칠곡군수어통역센터
NIA_SL_WORD2000_REAL01_F,칠곡군주민지원센터
NIA_SL_WORD2001_REAL01_F,금시초문
NIA_SL_WORD2002_REAL01_F,중도포기
NIA_SL_WORD2003_REAL01_F,지식인
NIA_SL_WORD2004_REAL01_F,충격
NIA_SL_WORD2005_REAL01_F,아기
NIA_SL_WORD2006_REAL01_F,며느리
NIA_SL_WORD2007_REAL01_F,중독
NIA_SL_WORD2008_REAL01_F,피해자
NIA_SL_WORD2009_REAL01_F,사고력
NIA_SL_WORD2010_REAL01_F,아름답다
NIA_SL_WORD2011_REAL01_F,거만
NIA_SL_WORD2012_REAL01_F,반드시
NIA_SL_WORD2013_REAL01_F,한국인
NIA_SL_WORD2014_REAL01_F,사별
NIA_SL_WORD2015_REAL01_F,안색
NIA_SL_WORD2016_REAL01_F,어른
NIA_SL_WORD2017_REAL01_F,외동딸
NIA_SL_WORD2018_REAL01_F,외아들
NIA_SL_WORD2019_REAL01_F,뛰어나다
NIA_SL_WORD2020_REAL01_F,조용하다
NIA_SL_WORD2021_REAL01_F,존경하다
NIA_SL_WORD2022_REAL01_F,집요
NIA_SL_WORD2023_REAL01_F,청년
NIA_SL_WORD2024_REAL01_F,청소년
NIA_SL_WORD2025_REAL01_F,타인
NIA_SL_WORD2026_REAL01_F,기민하다
NIA_SL_WORD2027_REAL01_F,기지
NIA_SL_WORD2028_REAL01_F,잔소리
NIA_SL_WORD2029_REAL01_F,무산
NIA_SL_WORD2030_REAL01_F,무념무상
NIA_SL_WORD2031_REAL01_F,추측
NIA_SL_WORD2032_REAL01_F,노인
NIA_SL_WORD2033_REAL01_F,파헤치다
NIA_SL_WORD2034_REAL01_F,지혜
NIA_SL_WORD2035_REAL01_F,신문
NIA_SL_WORD2036_REAL01_F,목마르다
NIA_SL_WORD2037_REAL01_F,이력
NIA_SL_WORD2038_REAL01_F,알아서
NIA_SL_WORD2039_REAL01_F,몸무게
NIA_SL_WORD2040_REAL01_F,일반인
NIA_SL_WORD2041_REAL01_F,책임자
NIA_SL_WORD2042_REAL01_F,특기
NIA_SL_WORD2043_REAL01_F,발각
NIA_SL_WORD2044_REAL01_F,성냥불
NIA_SL_WORD2045_REAL01_F,구분
NIA_SL_WORD2046_REAL01_F,결심
NIA_SL_WORD2047_REAL01_F,간
NIA_SL_WORD2048_REAL01_F,걸음걸이
NIA_SL_WORD2049_REAL01_F,결심
NIA_SL_WORD2050_REAL01_F,계획
NIA_SL_WORD2051_REAL01_F,일부러
NIA_SL_WORD2052_REAL01_F,고인
NIA_SL_WORD2053_REAL01_F,동의
NIA_SL_WORD2054_REAL01_F,상상
NIA_SL_WORD2055_REAL01_F,새파래지다
NIA_SL_WORD2056_REAL01_F,예민
NIA_SL_WORD2057_REAL01_F,관광
NIA_SL_WORD2058_REAL01_F,태만
NIA_SL_WORD2059_REAL01_F,귀엽다
NIA_SL_WORD2060_REAL01_F,긍정적
NIA_SL_WORD2061_REAL01_F,뽐내다
NIA_SL_WORD2062_REAL01_F,기발
NIA_SL_WORD2063_REAL01_F,독특
NIA_SL_WORD2064_REAL01_F,여행자
NIA_SL_WORD2065_REAL01_F,노화
NIA_SL_WORD2066_REAL01_F,비상식적
NIA_SL_WORD2067_REAL01_F,가엾다
NIA_SL_WORD2068_REAL01_F,아둔하다
NIA_SL_WORD2069_REAL01_F,말솜씨
NIA_SL_WORD2070_REAL01_F,사색
NIA_SL_WORD2071_REAL01_F,판박이
NIA_SL_WORD2072_REAL01_F,체형
NIA_SL_WORD2073_REAL01_F,무기력
NIA_SL_WORD2074_REAL01_F,무분별
NIA_SL_WORD2075_REAL01_F,미성년
NIA_SL_WORD2076_REAL01_F,반성하다
NIA_SL_WORD2077_REAL01_F,변화
NIA_SL_WORD2078_REAL01_F,변천
NIA_SL_WORD2079_REAL01_F,본성
NIA_SL_WORD2080_REAL01_F,갑부
NIA_SL_WORD2081_REAL01_F,불성실
NIA_SL_WORD2082_REAL01_F,불신
NIA_SL_WORD2083_REAL01_F,불친절
NIA_SL_WORD2084_REAL01_F,사내
NIA_SL_WORD2085_REAL01_F,상상
NIA_SL_WORD2086_REAL01_F,성품
NIA_SL_WORD2087_REAL01_F,소외감
NIA_SL_WORD2088_REAL01_F,소지자
NIA_SL_WORD2089_REAL01_F,솜씨
NIA_SL_WORD2090_REAL01_F,솔직하다
NIA_SL_WORD2091_REAL01_F,허약자
NIA_SL_WORD2092_REAL01_F,실토
NIA_SL_WORD2093_REAL01_F,엉뚱
NIA_SL_WORD2094_REAL01_F,위인
NIA_SL_WORD2095_REAL01_F,예견
NIA_SL_WORD2096_REAL01_F,야망
NIA_SL_WORD2097_REAL01_F,얼굴형
NIA_SL_WORD2098_REAL01_F,울음소리
NIA_SL_WORD2099_REAL01_F,웃음소리
NIA_SL_WORD2100_REAL01_F,위
NIA_SL_WORD2101_REAL01_F,위인
NIA_SL_WORD2102_REAL01_F,욕망
NIA_SL_WORD2103_REAL01_F,의문
NIA_SL_WORD2104_REAL01_F,사욕
NIA_SL_WORD2105_REAL01_F,인성
NIA_SL_WORD2106_REAL01_F,인심
NIA_SL_WORD2107_REAL01_F,인체
NIA_SL_WORD2108_REAL01_F,가루약
NIA_SL_WORD2109_REAL01_F,기초체조
NIA_SL_WORD2110_REAL01_F,감염병
NIA_SL_WORD2111_REAL01_F,중병
NIA_SL_WORD2112_REAL01_F,선짓국
NIA_SL_WORD2113_REAL01_F,햅쌀
NIA_SL_WORD2114_REAL01_F,호떡
NIA_SL_WORD2115_REAL01_F,들키다
NIA_SL_WORD2116_REAL01_F,결혼식
NIA_SL_WORD2117_REAL01_F,잠기다
NIA_SL_WORD2118_REAL01_F,노고
NIA_SL_WORD2119_REAL01_F,공범
NIA_SL_WORD2120_REAL01_F,고조할아버지
NIA_SL_WORD2121_REAL01_F,난감하다
NIA_SL_WORD2122_REAL01_F,여리다
NIA_SL_WORD2123_REAL01_F,구화
NIA_SL_WORD2124_REAL01_F,노년기
NIA_SL_WORD2125_REAL01_F,노부모
NIA_SL_WORD2126_REAL01_F,매형
NIA_SL_WORD2127_REAL01_F,제부
NIA_SL_WORD2128_REAL01_F,수상
NIA_SL_WORD2129_REAL01_F,검술
NIA_SL_WORD2130_REAL01_F,물놀이
NIA_SL_WORD2131_REAL01_F,물약
NIA_SL_WORD2132_REAL01_F,돌보다
NIA_SL_WORD2133_REAL01_F,생계
NIA_SL_WORD2134_REAL01_F,친모
NIA_SL_WORD2135_REAL01_F,친부
NIA_SL_WORD2136_REAL01_F,생일
NIA_SL_WORD2137_REAL01_F,작은엄마
NIA_SL_WORD2138_REAL01_F,작은아빠
NIA_SL_WORD2139_REAL01_F,의문
NIA_SL_WORD2140_REAL01_F,도련님
NIA_SL_WORD2141_REAL01_F,시어머니
NIA_SL_WORD2142_REAL01_F,아주버님
NIA_SL_WORD2143_REAL01_F,신부
NIA_SL_WORD2144_REAL01_F,신혼
NIA_SL_WORD2145_REAL01_F,약효
NIA_SL_WORD2146_REAL01_F,여드름
NIA_SL_WORD2147_REAL01_F,염색
NIA_SL_WORD2148_REAL01_F,긴가민가
NIA_SL_WORD2149_REAL01_F,미심쩍다
NIA_SL_WORD2150_REAL01_F,의혹
NIA_SL_WORD2151_REAL01_F,외할머니
NIA_SL_WORD2152_REAL01_F,외할아버지
NIA_SL_WORD2153_REAL01_F,운동장
NIA_SL_WORD2154_REAL01_F,의혹
NIA_SL_WORD2155_REAL01_F,낙인
NIA_SL_WORD2156_REAL01_F,세뇌
NIA_SL_WORD2157_REAL01_F,작은할아버지
NIA_SL_WORD2158_REAL01_F,장난감
NIA_SL_WORD2159_REAL01_F,발인
NIA_SL_WORD2160_REAL01_F,장모
NIA_SL_WORD2161_REAL01_F,장인어른
NIA_SL_WORD2162_REAL01_F,처남
NIA_SL_WORD2163_REAL01_F,처형
NIA_SL_WORD2164_REAL01_F,알맞다
NIA_SL_WORD2165_REAL01_F,큰아버지
NIA_SL_WORD2166_REAL01_F,큰어머니
NIA_SL_WORD2167_REAL01_F,큰언니
NIA_SL_WORD2168_REAL01_F,큰형
NIA_SL_WORD2169_REAL01_F,강요
NIA_SL_WORD2170_REAL01_F,형수
NIA_SL_WORD2171_REAL01_F,환갑
NIA_SL_WORD2172_REAL01_F,회생
NIA_SL_WORD2173_REAL01_F,직인
NIA_SL_WORD2174_REAL01_F,용돈
NIA_SL_WORD2175_REAL01_F,공문
NIA_SL_WORD2176_REAL01_F,고리타분
NIA_SL_WORD2177_REAL01_F,공항
NIA_SL_WORD2178_REAL01_F,구조
NIA_SL_WORD2179_REAL01_F,월급
NIA_SL_WORD2180_REAL01_F,기술자
NIA_SL_WORD2181_REAL01_F,합심
NIA_SL_WORD2182_REAL01_F,반납
NIA_SL_WORD2183_REAL01_F,사무실
NIA_SL_WORD2184_REAL01_F,직원
NIA_SL_WORD2185_REAL01_F,사장
NIA_SL_WORD2186_REAL01_F,퇴사
NIA_SL_WORD2187_REAL01_F,받다
NIA_SL_WORD2188_REAL01_F,책무
NIA_SL_WORD2189_REAL01_F,사업
NIA_SL_WORD2190_REAL01_F,운전자
NIA_SL_WORD2191_REAL01_F,일본어
NIA_SL_WORD2192_REAL01_F,일터
NIA_SL_WORD2193_REAL01_F,전근
NIA_SL_WORD2194_REAL01_F,경비
NIA_SL_WORD2195_REAL01_F,구인
NIA_SL_WORD2196_REAL01_F,취업
NIA_SL_WORD2197_REAL01_F,문득
NIA_SL_WORD2198_REAL01_F,알려주다
NIA_SL_WORD2199_REAL01_F,한국어
NIA_SL_WORD2200_REAL01_F,한글
NIA_SL_WORD2201_REAL01_F,화가
NIA_SL_WORD2202_REAL01_F,망각
NIA_SL_WORD2203_REAL01_F,새털
NIA_SL_WORD2204_REAL01_F,물다
NIA_SL_WORD2205_REAL01_F,잊어버리다
NIA_SL_WORD2206_REAL01_F,깜빡하다
NIA_SL_WORD2207_REAL01_F,돋보이다
NIA_SL_WORD2208_REAL01_F,들키다
NIA_SL_WORD2209_REAL01_F,빚더미
NIA_SL_WORD2210_REAL01_F,유구무언
NIA_SL_WORD2211_REAL01_F,욕구
NIA_SL_WORD2212_REAL01_F,재벌
NIA_SL_WORD2213_REAL01_F,일시불
NIA_SL_WORD2214_REAL01_F,벼락부자
NIA_SL_WORD2215_REAL01_F,궁하다
NIA_SL_WORD2216_REAL01_F,의욕
NIA_SL_WORD2217_REAL01_F,맥없다
NIA_SL_WORD2218_REAL01_F,탕진
NIA_SL_WORD2219_REAL01_F,맥없다
NIA_SL_WORD2220_REAL01_F,인색하다
NIA_SL_WORD2221_REAL01_F,인색하다
NIA_SL_WORD2222_REAL01_F,교섭
NIA_SL_WORD2223_REAL01_F,합의
NIA_SL_WORD2224_REAL01_F,맥없다
NIA_SL_WORD2225_REAL01_F,질색
NIA_SL_WORD2226_REAL01_F,거절
NIA_SL_WORD2227_REAL01_F,미진하다
NIA_SL_WORD2228_REAL01_F,표리부동
NIA_SL_WORD2229_REAL01_F,대물림
NIA_SL_WORD2230_REAL01_F,대물림
NIA_SL_WORD2231_REAL01_F,변제
NIA_SL_WORD2232_REAL01_F,갑절
NIA_SL_WORD2233_REAL01_F,권력
NIA_SL_WORD2234_REAL01_F,착취
NIA_SL_WORD2235_REAL01_F,값비싸다
NIA_SL_WORD2236_REAL01_F,재량
NIA_SL_WORD2237_REAL01_F,재량
NIA_SL_WORD2238_REAL01_F,무자격
NIA_SL_WORD2239_REAL01_F,상상하다
NIA_SL_WORD2240_REAL01_F,헛수고
NIA_SL_WORD2241_REAL01_F,미달성
NIA_SL_WORD2242_REAL01_F,대박
NIA_SL_WORD2243_REAL01_F,분주하다
NIA_SL_WORD2244_REAL01_F,고수입
NIA_SL_WORD2245_REAL01_F,일확천금
NIA_SL_WORD2246_REAL01_F,근근이
NIA_SL_WORD2247_REAL01_F,근근이
NIA_SL_WORD2248_REAL01_F,혈안
NIA_SL_WORD2249_REAL01_F,계획적
NIA_SL_WORD2250_REAL01_F,폐업
NIA_SL_WORD2251_REAL01_F,폐업
NIA_SL_WORD2252_REAL01_F,폐업
NIA_SL_WORD2253_REAL01_F,조종하다
NIA_SL_WORD2254_REAL01_F,탕진
NIA_SL_WORD2255_REAL01_F,마지못하다
NIA_SL_WORD2256_REAL01_F,사교
NIA_SL_WORD2257_REAL01_F,물론
NIA_SL_WORD2258_REAL01_F,유명하다
NIA_SL_WORD2259_REAL01_F,무례
NIA_SL_WORD2260_REAL01_F,무례
NIA_SL_WORD2261_REAL01_F,역력하다
NIA_SL_WORD2262_REAL01_F,표리부동
NIA_SL_WORD2263_REAL01_F,비상식적
NIA_SL_WORD2264_REAL01_F,부합되다
NIA_SL_WORD2265_REAL01_F,매료되다
NIA_SL_WORD2266_REAL01_F,판박이
NIA_SL_WORD2267_REAL01_F,판박이
NIA_SL_WORD2268_REAL01_F,그렇다
NIA_SL_WORD2269_REAL01_F,등지다
NIA_SL_WORD2270_REAL01_F,무경험
NIA_SL_WORD2271_REAL01_F,끊다
NIA_SL_WORD2272_REAL01_F,기피하다
NIA_SL_WORD2273_REAL01_F,기피하다
NIA_SL_WORD2274_REAL01_F,아부
NIA_SL_WORD2275_REAL01_F,아부
NIA_SL_WORD2276_REAL01_F,아부
NIA_SL_WORD2277_REAL01_F,맹세
NIA_SL_WORD2278_REAL01_F,거만
NIA_SL_WORD2279_REAL01_F,가만히
NIA_SL_WORD2280_REAL01_F,유치하다
NIA_SL_WORD2281_REAL01_F,유치하다
NIA_SL_WORD2282_REAL01_F,결코
NIA_SL_WORD2283_REAL01_F,들러리
NIA_SL_WORD2284_REAL01_F,양자택일
NIA_SL_WORD2285_REAL01_F,어차피
NIA_SL_WORD2286_REAL01_F,양자택일
NIA_SL_WORD2287_REAL01_F,각오
NIA_SL_WORD2288_REAL01_F,위선자
NIA_SL_WORD2289_REAL01_F,이중인격
NIA_SL_WORD2290_REAL01_F,기회주의
NIA_SL_WORD2291_REAL01_F,이기주의
NIA_SL_WORD2292_REAL01_F,넘기다
NIA_SL_WORD2293_REAL01_F,거저먹다
NIA_SL_WORD2294_REAL01_F,험담
NIA_SL_WORD2295_REAL01_F,달변
NIA_SL_WORD2296_REAL01_F,달변
NIA_SL_WORD2297_REAL01_F,빈말
NIA_SL_WORD2298_REAL01_F,양다리
NIA_SL_WORD2299_REAL01_F,고질적
NIA_SL_WORD2300_REAL01_F,수다스럽다
NIA_SL_WORD2301_REAL01_F,함구
NIA_SL_WORD2302_REAL01_F,험담
NIA_SL_WORD2303_REAL01_F,파악하다
NIA_SL_WORD2304_REAL01_F,끊다
NIA_SL_WORD2305_REAL01_F,설득되다
NIA_SL_WORD2306_REAL01_F,불복종
NIA_SL_WORD2307_REAL01_F,막말
NIA_SL_WORD2308_REAL01_F,아첨
NIA_SL_WORD2309_REAL01_F,놀리다
NIA_SL_WORD2310_REAL01_F,임기응변
NIA_SL_WORD2311_REAL01_F,마이동풍
NIA_SL_WORD2312_REAL01_F,변명
NIA_SL_WORD2313_REAL01_F,팔랑귀
NIA_SL_WORD2314_REAL01_F,어림없다
NIA_SL_WORD2315_REAL01_F,솔직히
NIA_SL_WORD2316_REAL01_F,솔직히
NIA_SL_WORD2317_REAL01_F,맞다
NIA_SL_WORD2318_REAL01_F,맞다
NIA_SL_WORD2319_REAL01_F,겸임
NIA_SL_WORD2320_REAL01_F,동상이몽
NIA_SL_WORD2321_REAL01_F,함구
NIA_SL_WORD2322_REAL01_F,함구
NIA_SL_WORD2323_REAL01_F,함구
NIA_SL_WORD2324_REAL01_F,겸임
NIA_SL_WORD2325_REAL01_F,일인다역
NIA_SL_WORD2326_REAL01_F,책임지다
NIA_SL_WORD2327_REAL01_F,내버려두다
NIA_SL_WORD2328_REAL01_F,내뱉다
NIA_SL_WORD2329_REAL01_F,내뱉다
NIA_SL_WORD2330_REAL01_F,내뱉다
NIA_SL_WORD2331_REAL01_F,명령
NIA_SL_WORD2332_REAL01_F,막히다
NIA_SL_WORD2333_REAL01_F,막히다
NIA_SL_WORD2334_REAL01_F,막히다
NIA_SL_WORD2335_REAL01_F,유구무언
NIA_SL_WORD2336_REAL01_F,유구무언
NIA_SL_WORD2337_REAL01_F,유구무언
NIA_SL_WORD2338_REAL01_F,포기
NIA_SL_WORD2339_REAL01_F,막상막하
NIA_SL_WORD2340_REAL01_F,비등하다
NIA_SL_WORD2341_REAL01_F,포기
NIA_SL_WORD2342_REAL01_F,얕보다
NIA_SL_WORD2343_REAL01_F,얕보다
NIA_SL_WORD2344_REAL01_F,얕보다
NIA_SL_WORD2345_REAL01_F,얕보다
NIA_SL_WORD2346_REAL01_F,불간섭
NIA_SL_WORD2347_REAL01_F,벗어나다
NIA_SL_WORD2348_REAL01_F,전멸
NIA_SL_WORD2349_REAL01_F,작살내다
NIA_SL_WORD2350_REAL01_F,당하다
NIA_SL_WORD2351_REAL01_F,만만하다
NIA_SL_WORD2352_REAL01_F,기대다
NIA_SL_WORD2353_REAL01_F,꺼지다
NIA_SL_WORD2354_REAL01_F,꺼지다
NIA_SL_WORD2355_REAL01_F,꺼지다
NIA_SL_WORD2356_REAL01_F,꺼지다
NIA_SL_WORD2357_REAL01_F,꺼지다
NIA_SL_WORD2358_REAL01_F,꺼지다
NIA_SL_WORD2359_REAL01_F,중립
NIA_SL_WORD2360_REAL01_F,봐주다
NIA_SL_WORD2361_REAL01_F,해하다
NIA_SL_WORD2362_REAL01_F,해하다
NIA_SL_WORD2363_REAL01_F,달성
NIA_SL_WORD2364_REAL01_F,무자비
NIA_SL_WORD2365_REAL01_F,무자비
NIA_SL_WORD2366_REAL01_F,무자비
NIA_SL_WORD2367_REAL01_F,괴팍하다
NIA_SL_WORD2368_REAL01_F,달인
NIA_SL_WORD2369_REAL01_F,당황
NIA_SL_WORD2370_REAL01_F,감히
NIA_SL_WORD2371_REAL01_F,대들다
NIA_SL_WORD2372_REAL01_F,대들다
NIA_SL_WORD2373_REAL01_F,대단하다
NIA_SL_WORD2374_REAL01_F,중독되다
NIA_SL_WORD2375_REAL01_F,부부싸움
NIA_SL_WORD2376_REAL01_F,멍청하다
NIA_SL_WORD2377_REAL01_F,뛰어나다
NIA_SL_WORD2378_REAL01_F,원활
NIA_SL_WORD2379_REAL01_F,적격
NIA_SL_WORD2380_REAL01_F,엄청나다
NIA_SL_WORD2381_REAL01_F,무시하다
NIA_SL_WORD2382_REAL01_F,무시하다
NIA_SL_WORD2383_REAL01_F,제법
NIA_SL_WORD2384_REAL01_F,형편없다
NIA_SL_WORD2385_REAL01_F,빌리다
NIA_SL_WORD2386_REAL01_F,빌리다
NIA_SL_WORD2387_REAL01_F,빌리다
NIA_SL_WORD2388_REAL01_F,돕다1
NIA_SL_WORD2389_REAL01_F,돕다2
NIA_SL_WORD2390_REAL01_F,돕다
NIA_SL_WORD2391_REAL01_F,욕하다
NIA_SL_WORD2392_REAL01_F,욕하다
NIA_SL_WORD2393_REAL01_F,욕하다
NIA_SL_WORD2394_REAL01_F,주다
NIA_SL_WORD2395_REAL01_F,주다
NIA_SL_WORD2396_REAL01_F,주다
NIA_SL_WORD2397_REAL01_F,지불하다
NIA_SL_WORD2398_REAL01_F,지불하다
NIA_SL_WORD2399_REAL01_F,지불하다
NIA_SL_WORD2400_REAL01_F,대출
NIA_SL_WORD2401_REAL01_F,대출
NIA_SL_WORD2402_REAL01_F,대출
NIA_SL_WORD2403_REAL01_F,점등
NIA_SL_WORD2404_REAL01_F,소등
NIA_SL_WORD2405_REAL01_F,포항시지부
NIA_SL_WORD2406_REAL01_F,포항시수화통역센터
NIA_SL_WORD2407_REAL01_F,포항시청
NIA_SL_WORD2408_REAL01_F,경남농아인협회
NIA_SL_WORD2409_REAL01_F,경남농아인협회
NIA_SL_WORD2410_REAL01_F,거제시지부
NIA_SL_WORD2411_REAL01_F,거제시수화통역센터
NIA_SL_WORD2412_REAL01_F,거제시청
NIA_SL_WORD2413_REAL01_F,거창군지부
NIA_SL_WORD2414_REAL01_F,거창군수화통역센터
NIA_SL_WORD2415_REAL01_F,거창군주민지원센터
NIA_SL_WORD2416_REAL01_F,고성군지부
NIA_SL_WORD2417_REAL01_F,고성군수화통역센터
NIA_SL_WORD2418_REAL01_F,고성군주민지원센터
NIA_SL_WORD2419_REAL01_F,김해시지부
NIA_SL_WORD2420_REAL01_F,김해시수화통역센터
NIA_SL_WORD2421_REAL01_F,김해시청
NIA_SL_WORD2422_REAL01_F,남해군지부
NIA_SL_WORD2423_REAL01_F,남해군수화통역센터
NIA_SL_WORD2424_REAL01_F,남해군주민지원센터
NIA_SL_WORD2425_REAL01_F,밀양시지부
NIA_SL_WORD2426_REAL01_F,밀양시수화통역센터
NIA_SL_WORD2427_REAL01_F,밀양시청
NIA_SL_WORD2428_REAL01_F,사천시지부
NIA_SL_WORD2429_REAL01_F,사천시수화통역센터
NIA_SL_WORD2430_REAL01_F,사천시청
NIA_SL_WORD2431_REAL01_F,산청군지부
NIA_SL_WORD2432_REAL01_F,산청군수화통역센터
NIA_SL_WORD2433_REAL01_F,산청군주민지원센터
NIA_SL_WORD2434_REAL01_F,양산시지부
NIA_SL_WORD2435_REAL01_F,양산시수화통역센터
NIA_SL_WORD2436_REAL01_F,양산시청
NIA_SL_WORD2437_REAL01_F,진주시지부
NIA_SL_WORD2438_REAL01_F,진주시수화통역센터
NIA_SL_WORD2439_REAL01_F,진주시청
NIA_SL_WORD2440_REAL01_F,창녕군지부
NIA_SL_WORD2441_REAL01_F,창녕군수화통역센터
NIA_SL_WORD2442_REAL01_F,창녕군주민지원센터
NIA_SL_WORD2443_REAL01_F,마산시지부
NIA_SL_WORD2444_REAL01_F,마산시수화통역센터
NIA_SL_WORD2445_REAL01_F,창원시지부
NIA_SL_WORD2446_REAL01_F,창원시수화통역센터
NIA_SL_WORD2447_REAL01_F,창원시청
NIA_SL_WORD2448_REAL01_F,통영시지부
NIA_SL_WORD2449_REAL01_F,통영시수화통역센터
NIA_SL_WORD2450_REAL01_F,통영시청
NIA_SL_WORD2451_REAL01_F,하동군지부
NIA_SL_WORD2452_REAL01_F,하동군수화통역센터
NIA_SL_WORD2453_REAL01_F,하동군주민지원센터
NIA_SL_WORD2454_REAL01_F,함안군지부
NIA_SL_WORD2455_REAL01_F,함안군수화통역센터
NIA_SL_WORD2456_REAL01_F,함안군주민지원센터
NIA_SL_WORD2457_REAL01_F,제주특별자치도농아인협회
NIA_SL_WORD2458_REAL01_F,서귀포시지부
NIA_SL_WORD2459_REAL01_F,서귀포시수화통역센터
NIA_SL_WORD2460_REAL01_F,서귀포시청
NIA_SL_WORD2461_REAL01_F,제주시지부
NIA_SL_WORD2462_REAL01_F,제주시수화통역센터
NIA_SL_WORD2463_REAL01_F,제주시청
NIA_SL_WORD2464_REAL01_F,대구광역시청
NIA_SL_WORD2465_REAL01_F,대전광역시청
NIA_SL_WORD2466_REAL01_F,인천광역시청
NIA_SL_WORD2467_REAL01_F,광주광역시청
NIA_SL_WORD2468_REAL01_F,울산광역시청
NIA_SL_WORD2469_REAL01_F,세종특별자치시
NIA_SL_WORD2470_REAL01_F,경기도청
NIA_SL_WORD2471_REAL01_F,제주도청
NIA_SL_WORD2472_REAL01_F,충남도청
NIA_SL_WORD2473_REAL01_F,충북도청
NIA_SL_WORD2474_REAL01_F,경남도청
NIA_SL_WORD2475_REAL01_F,경북도청
NIA_SL_WORD2476_REAL01_F,전남도청
NIA_SL_WORD2477_REAL01_F,전북도청
NIA_SL_WORD2478_REAL01_F,강원도청
NIA_SL_WORD2479_REAL01_F,궁리
NIA_SL_WORD2480_REAL01_F,아하
NIA_SL_WORD2481_REAL01_F,찔리다
NIA_SL_WORD2482_REAL01_F,알아차리다
NIA_SL_WORD2483_REAL01_F,알아차리다
NIA_SL_WORD2484_REAL01_F,통찰
NIA_SL_WORD2485_REAL01_F,모르다
NIA_SL_WORD2486_REAL01_F,어렵다
NIA_SL_WORD2487_REAL01_F,연구
NIA_SL_WORD2488_REAL01_F,무소식
NIA_SL_WORD2489_REAL01_F,소문내다
NIA_SL_WORD2490_REAL01_F,뜻밖
NIA_SL_WORD2491_REAL01_F,뜻밖
NIA_SL_WORD2492_REAL01_F,못하다
NIA_SL_WORD2493_REAL01_F,가능
NIA_SL_WORD2494_REAL01_F,해내다
NIA_SL_WORD2495_REAL01_F,우습다
NIA_SL_WORD2496_REAL01_F,현대
NIA_SL_WORD2497_REAL01_F,신나다
NIA_SL_WORD2498_REAL01_F,쌍용
NIA_SL_WORD2499_REAL01_F,꼴사납다
NIA_SL_WORD2500_REAL01_F,가소롭다
NIA_SL_WORD2501_REAL01_F,네덜란드
NIA_SL_WORD2502_REAL01_F,광기
NIA_SL_WORD2503_REAL01_F,노르웨이
NIA_SL_WORD2504_REAL01_F,대만
NIA_SL_WORD2505_REAL01_F,시시하다
NIA_SL_WORD2506_REAL01_F,독도
NIA_SL_WORD2507_REAL01_F,독일
NIA_SL_WORD2508_REAL01_F,로마
NIA_SL_WORD2509_REAL01_F,LA
NIA_SL_WORD2510_REAL01_F,격노
NIA_SL_WORD2511_REAL01_F,베트남
NIA_SL_WORD2512_REAL01_F,벨기에
NIA_SL_WORD2513_REAL01_F,불가리
NIA_SL_WORD2514_REAL01_F,브라질
NIA_SL_WORD2515_REAL01_F,스웨덴
NIA_SL_WORD2516_REAL01_F,격노
NIA_SL_WORD2517_REAL01_F,싱가폴
NIA_SL_WORD2518_REAL01_F,짜증내다
NIA_SL_WORD2519_REAL01_F,기절초풍
NIA_SL_WORD2520_REAL01_F,우즈베키스탄
NIA_SL_WORD2521_REAL01_F,유럽
NIA_SL_WORD2522_REAL01_F,이란
NIA_SL_WORD2523_REAL01_F,이집트
NIA_SL_WORD2524_REAL01_F,제주도
NIA_SL_WORD2525_REAL01_F,중국
NIA_SL_WORD2526_REAL01_F,놀랍다
NIA_SL_WORD2527_REAL01_F,캄보디아
NIA_SL_WORD2528_REAL01_F,아프리카
NIA_SL_WORD2529_REAL01_F,놀랍다
NIA_SL_WORD2530_REAL01_F,놀랍다
NIA_SL_WORD2531_REAL01_F,못마땅하다
NIA_SL_WORD2532_REAL01_F,역겹다
NIA_SL_WORD2533_REAL01_F,강물
NIA_SL_WORD2534_REAL01_F,언덕
NIA_SL_WORD2535_REAL01_F,골짜기
NIA_SL_WORD2536_REAL01_F,황금
NIA_SL_WORD2537_REAL01_F,석유
NIA_SL_WORD2538_REAL01_F,달
NIA_SL_WORD2539_REAL01_F,돌
NIA_SL_WORD2540_REAL01_F,후지다
NIA_SL_WORD2541_REAL01_F,흙
NIA_SL_WORD2542_REAL01_F,뜨겁다
NIA_SL_WORD2543_REAL01_F,일출
NIA_SL_WORD2544_REAL01_F,먹구름
NIA_SL_WORD2545_REAL01_F,황토
NIA_SL_WORD2546_REAL01_F,바다
NIA_SL_WORD2547_REAL01_F,뻔뻔
NIA_SL_WORD2548_REAL01_F,낭패
NIA_SL_WORD2549_REAL01_F,바람
NIA_SL_WORD2550_REAL01_F,뻔뻔
NIA_SL_WORD2551_REAL01_F,별
NIA_SL_WORD2552_REAL01_F,비
NIA_SL_WORD2553_REAL01_F,찔리다
NIA_SL_WORD2554_REAL01_F,형편없다
NIA_SL_WORD2555_REAL01_F,석탄
NIA_SL_WORD2556_REAL01_F,섬
NIA_SL_WORD2557_REAL01_F,철
NIA_SL_WORD2558_REAL01_F,숲
NIA_SL_WORD2559_REAL01_F,포기
NIA_SL_WORD2560_REAL01_F,언덕
NIA_SL_WORD2561_REAL01_F,호수
NIA_SL_WORD2562_REAL01_F,예고
NIA_SL_WORD2563_REAL01_F,온도
NIA_SL_WORD2564_REAL01_F,일몰
NIA_SL_WORD2565_REAL01_F,일출
NIA_SL_WORD2566_REAL01_F,장마
NIA_SL_WORD2567_REAL01_F,괴롭히다
NIA_SL_WORD2568_REAL01_F,일몰
NIA_SL_WORD2569_REAL01_F,제발
NIA_SL_WORD2570_REAL01_F,차다
NIA_SL_WORD2571_REAL01_F,위아래
NIA_SL_WORD2572_REAL01_F,사계절
NIA_SL_WORD2573_REAL01_F,체온
NIA_SL_WORD2574_REAL01_F,아하
NIA_SL_WORD2575_REAL01_F,하늘
NIA_SL_WORD2576_REAL01_F,상부
NIA_SL_WORD2577_REAL01_F,아래
NIA_SL_WORD2578_REAL01_F,날
NIA_SL_WORD2579_REAL01_F,수심
NIA_SL_WORD2580_REAL01_F,햇빛
NIA_SL_WORD2581_REAL01_F,홍수
NIA_SL_WORD2582_REAL01_F,감나무
NIA_SL_WORD2583_REAL01_F,제발
NIA_SL_WORD2584_REAL01_F,기린
NIA_SL_WORD2585_REAL01_F,꿀벌
NIA_SL_WORD2586_REAL01_F,쌀벌레
NIA_SL_WORD2587_REAL01_F,미국
NIA_SL_WORD2588_REAL01_F,일본
NIA_SL_WORD2589_REAL01_F,몽골
NIA_SL_WORD2590_REAL01_F,러시아
NIA_SL_WORD2591_REAL01_F,북한
NIA_SL_WORD2592_REAL01_F,인도
NIA_SL_WORD2593_REAL01_F,살살
NIA_SL_WORD2594_REAL01_F,봐주다
NIA_SL_WORD2595_REAL01_F,못보았다
NIA_SL_WORD2596_REAL01_F,영어
NIA_SL_WORD2597_REAL01_F,이스라엘
NIA_SL_WORD2598_REAL01_F,필리핀
NIA_SL_WORD2599_REAL01_F,홍콩
NIA_SL_WORD2600_REAL01_F,황홀
NIA_SL_WORD2601_REAL01_F,보이다
NIA_SL_WORD2602_REAL01_F,이탈리아
NIA_SL_WORD2603_REAL01_F,군산
NIA_SL_WORD2604_REAL01_F,목포
NIA_SL_WORD2605_REAL01_F,인천
NIA_SL_WORD2606_REAL01_F,금산
NIA_SL_WORD2607_REAL01_F,강원도
NIA_SL_WORD2608_REAL01_F,태백
NIA_SL_WORD2609_REAL01_F,보이다
NIA_SL_WORD2610_REAL01_F,대구
NIA_SL_WORD2611_REAL01_F,마산
NIA_SL_WORD2612_REAL01_F,창원
NIA_SL_WORD2613_REAL01_F,여수
NIA_SL_WORD2614_REAL01_F,적중하다
NIA_SL_WORD2615_REAL01_F,포항
NIA_SL_WORD2616_REAL01_F,대전
NIA_SL_WORD2617_REAL01_F,천안
NIA_SL_WORD2618_REAL01_F,아산
NIA_SL_WORD2619_REAL01_F,의정부
NIA_SL_WORD2620_REAL01_F,봐주다
NIA_SL_WORD2621_REAL01_F,원주
NIA_SL_WORD2622_REAL01_F,눈썰미
NIA_SL_WORD2623_REAL01_F,전주
NIA_SL_WORD2624_REAL01_F,주목
NIA_SL_WORD2625_REAL01_F,의성
NIA_SL_WORD2626_REAL01_F,눈가림
NIA_SL_WORD2627_REAL01_F,남원
NIA_SL_WORD2628_REAL01_F,삼척
NIA_SL_WORD2629_REAL01_F,일산
NIA_SL_WORD2630_REAL01_F,강릉
NIA_SL_WORD2631_REAL01_F,영
NIA_SL_WORD2632_REAL01_F,일
NIA_SL_WORD2633_REAL01_F,이
NIA_SL_WORD2634_REAL01_F,삼
NIA_SL_WORD2635_REAL01_F,사
NIA_SL_WORD2636_REAL01_F,오
NIA_SL_WORD2637_REAL01_F,육
NIA_SL_WORD2638_REAL01_F,칠
NIA_SL_WORD2639_REAL01_F,팔
NIA_SL_WORD2640_REAL01_F,구
NIA_SL_WORD2641_REAL01_F,십
NIA_SL_WORD2642_REAL01_F,십
NIA_SL_WORD2643_REAL01_F,십일
NIA_SL_WORD2644_REAL01_F,십이
NIA_SL_WORD2645_REAL01_F,십삼
NIA_SL_WORD2646_REAL01_F,십사
NIA_SL_WORD2647_REAL01_F,십오
NIA_SL_WORD2648_REAL01_F,십육
NIA_SL_WORD2649_REAL01_F,십칠
NIA_SL_WORD2650_REAL01_F,십팔
NIA_SL_WORD2651_REAL01_F,십구
NIA_SL_WORD2652_REAL01_F,이십
NIA_SL_WORD2653_REAL01_F,이십일
NIA_SL_WORD2654_REAL01_F,이십이
NIA_SL_WORD2655_REAL01_F,이십삼
NIA_SL_WORD2656_REAL01_F,이십사
NIA_SL_WORD2657_REAL01_F,이십오
NIA_SL_WORD2658_REAL01_F,이십육
NIA_SL_WORD2659_REAL01_F,이십칠
NIA_SL_WORD2660_REAL01_F,이십팔
NIA_SL_WORD2661_REAL01_F,이십구
NIA_SL_WORD2662_REAL01_F,삼십
NIA_SL_WORD2663_REAL01_F,삼십일
NIA_SL_WORD2664_REAL01_F,삼십이
NIA_SL_WORD2665_REAL01_F,삼십삼
NIA_SL_WORD2666_REAL01_F,삼십사
NIA_SL_WORD2667_REAL01_F,삼십오
NIA_SL_WORD2668_REAL01_F,삼십육
NIA_SL_WORD2669_REAL01_F,삼십칠
NIA_SL_WORD2670_REAL01_F,삼십팔
NIA_SL_WORD2671_REAL01_F,삼십구
NIA_SL_WORD2672_REAL01_F,사십
NIA_SL_WORD2673_REAL01_F,사십일
NIA_SL_WORD2674_REAL01_F,사십이
NIA_SL_WORD2675_REAL01_F,사십삼
NIA_SL_WORD2676_REAL01_F,사십사
NIA_SL_WORD2677_REAL01_F,사십오
NIA_SL_WORD2678_REAL01_F,사십육
NIA_SL_WORD2679_REAL01_F,사십칠
NIA_SL_WORD2680_REAL01_F,사십팔
NIA_SL_WORD2681_REAL01_F,사십구
NIA_SL_WORD2682_REAL01_F,오십
NIA_SL_WORD2683_REAL01_F,오십일
NIA_SL_WORD2684_REAL01_F,오십이
NIA_SL_WORD2685_REAL01_F,오십삼
NIA_SL_WORD2686_REAL01_F,오십사
NIA_SL_WORD2687_REAL01_F,오십오
NIA_SL_WORD2688_REAL01_F,오십육
NIA_SL_WORD2689_REAL01_F,오십칠
NIA_SL_WORD2690_REAL01_F,오십팔
NIA_SL_WORD2691_REAL01_F,오십구
NIA_SL_WORD2692_REAL01_F,육십
NIA_SL_WORD2693_REAL01_F,육십일
NIA_SL_WORD2694_REAL01_F,육십이
NIA_SL_WORD2695_REAL01_F,육십삼
NIA_SL_WORD2696_REAL01_F,육십사
NIA_SL_WORD2697_REAL01_F,육십오
NIA_SL_WORD2698_REAL01_F,육십육
NIA_SL_WORD2699_REAL01_F,육십칠
NIA_SL_WORD2700_REAL01_F,육십팔
NIA_SL_WORD2701_REAL01_F,육십구
NIA_SL_WORD2702_REAL01_F,칠십
NIA_SL_WORD2703_REAL01_F,칠십일
NIA_SL_WORD2704_REAL01_F,칠십이
NIA_SL_WORD2705_REAL01_F,칠십삼
NIA_SL_WORD2706_REAL01_F,칠십사
NIA_SL_WORD2707_REAL01_F,칠십오
NIA_SL_WORD2708_REAL01_F,칠십육
NIA_SL_WORD2709_REAL01_F,칠십칠
NIA_SL_WORD2710_REAL01_F,칠십팔
NIA_SL_WORD2711_REAL01_F,칠십구
NIA_SL_WORD2712_REAL01_F,팔십
NIA_SL_WORD2713_REAL01_F,팔십일
NIA_SL_WORD2714_REAL01_F,팔십이
NIA_SL_WORD2715_REAL01_F,팔십삼
NIA_SL_WORD2716_REAL01_F,팔십사
NIA_SL_WORD2717_REAL01_F,팔십오
NIA_SL_WORD2718_REAL01_F,팔십육
NIA_SL_WORD2719_REAL01_F,팔십칠
NIA_SL_WORD2720_REAL01_F,팔십팔
NIA_SL_WORD2721_REAL01_F,팔십구
NIA_SL_WORD2722_REAL01_F,구십
NIA_SL_WORD2723_REAL01_F,구십일
NIA_SL_WORD2724_REAL01_F,구십이
NIA_SL_WORD2725_REAL01_F,구십삼
NIA_SL_WORD2726_REAL01_F,구십사
NIA_SL_WORD2727_REAL01_F,구십오
NIA_SL_WORD2728_REAL01_F,구십육
NIA_SL_WORD2729_REAL01_F,구십칠
NIA_SL_WORD2730_REAL01_F,구십팔
NIA_SL_WORD2731_REAL01_F,구십구
NIA_SL_WORD2732_REAL01_F,백
NIA_SL_WORD2733_REAL01_F,백일
NIA_SL_WORD2734_REAL01_F,백이
NIA_SL_WORD2735_REAL01_F,백삼
NIA_SL_WORD2736_REAL01_F,"백사
"
NIA_SL_WORD2737_REAL01_F,"백오
"
NIA_SL_WORD2738_REAL01_F,백육
NIA_SL_WORD2739_REAL01_F,백칠
NIA_SL_WORD2740_REAL01_F,백팔
NIA_SL_WORD2741_REAL01_F,백구
NIA_SL_WORD2742_REAL01_F,백십
NIA_SL_WORD2743_REAL01_F,백십일
NIA_SL_WORD2744_REAL01_F,백십이
NIA_SL_WORD2745_REAL01_F,백십삼
NIA_SL_WORD2746_REAL01_F,백십사
NIA_SL_WORD2747_REAL01_F,백십오
NIA_SL_WORD2748_REAL01_F,백십육
NIA_SL_WORD2749_REAL01_F,백십칠
NIA_SL_WORD2750_REAL01_F,백십팔
NIA_SL_WORD2751_REAL01_F,백십구
NIA_SL_WORD2752_REAL01_F,백이십
NIA_SL_WORD2753_REAL01_F,백이십일
NIA_SL_WORD2754_REAL01_F,백이십이
NIA_SL_WORD2755_REAL01_F,백이십삼
NIA_SL_WORD2756_REAL01_F,백이십사
NIA_SL_WORD2757_REAL01_F,백이십오
NIA_SL_WORD2758_REAL01_F,백이십육
NIA_SL_WORD2759_REAL01_F,백이십칠
NIA_SL_WORD2760_REAL01_F,백이십팔
NIA_SL_WORD2761_REAL01_F,백이십구
NIA_SL_WORD2762_REAL01_F,백삼십
NIA_SL_WORD2763_REAL01_F,백삼십일
NIA_SL_WORD2764_REAL01_F,백삼십이
NIA_SL_WORD2765_REAL01_F,백삼십삼
NIA_SL_WORD2766_REAL01_F,백삼십사
NIA_SL_WORD2767_REAL01_F,백삼십오
NIA_SL_WORD2768_REAL01_F,백삼십육
NIA_SL_WORD2769_REAL01_F,백삼십칠
NIA_SL_WORD2770_REAL01_F,백삼십팔
NIA_SL_WORD2771_REAL01_F,백삼십구
NIA_SL_WORD2772_REAL01_F,백사십
NIA_SL_WORD2773_REAL01_F,백사십일
NIA_SL_WORD2774_REAL01_F,백사십이
NIA_SL_WORD2775_REAL01_F,백사십삼
NIA_SL_WORD2776_REAL01_F,백사십사
NIA_SL_WORD2777_REAL01_F,백사십오
NIA_SL_WORD2778_REAL01_F,백사십육
NIA_SL_WORD2779_REAL01_F,백사십칠
NIA_SL_WORD2780_REAL01_F,백사십팔
NIA_SL_WORD2781_REAL01_F,백사십구
NIA_SL_WORD2782_REAL01_F,백오십
NIA_SL_WORD2783_REAL01_F,백오십일
NIA_SL_WORD2784_REAL01_F,백오십이
NIA_SL_WORD2785_REAL01_F,백오십삼
NIA_SL_WORD2786_REAL01_F,백오십사
NIA_SL_WORD2787_REAL01_F,백오십오
NIA_SL_WORD2788_REAL01_F,백오십육
NIA_SL_WORD2789_REAL01_F,백오십칠
NIA_SL_WORD2790_REAL01_F,백오십팔
NIA_SL_WORD2791_REAL01_F,백오십구
NIA_SL_WORD2792_REAL01_F,백육십
NIA_SL_WORD2793_REAL01_F,백육십일
NIA_SL_WORD2794_REAL01_F,백육십이
NIA_SL_WORD2795_REAL01_F,백육십삼
NIA_SL_WORD2796_REAL01_F,백육십사
NIA_SL_WORD2797_REAL01_F,백육십오
NIA_SL_WORD2798_REAL01_F,백육십육
NIA_SL_WORD2799_REAL01_F,백육십칠
NIA_SL_WORD2800_REAL01_F,백육십팔
NIA_SL_WORD2801_REAL01_F,백육십구
NIA_SL_WORD2802_REAL01_F,백칠십
NIA_SL_WORD2803_REAL01_F,백칠십일
NIA_SL_WORD2804_REAL01_F,백칠십이
NIA_SL_WORD2805_REAL01_F,백칠십삼
NIA_SL_WORD2806_REAL01_F,백칠십사
NIA_SL_WORD2807_REAL01_F,백칠십오
NIA_SL_WORD2808_REAL01_F,백칠십육
NIA_SL_WORD2809_REAL01_F,백칠십칠
NIA_SL_WORD2810_REAL01_F,백칠십팔
NIA_SL_WORD2811_REAL01_F,백칠십구
NIA_SL_WORD2812_REAL01_F,백팔십
NIA_SL_WORD2813_REAL01_F,백팔십일
NIA_SL_WORD2814_REAL01_F,백팔십이
NIA_SL_WORD2815_REAL01_F,백팔십삼
NIA_SL_WORD2816_REAL01_F,백팔십사
NIA_SL_WORD2817_REAL01_F,백팔십오
NIA_SL_WORD2818_REAL01_F,백팔십육
NIA_SL_WORD2819_REAL01_F,백팔십칠
NIA_SL_WORD2820_REAL01_F,백팔십팔
NIA_SL_WORD2821_REAL01_F,백팔십구
NIA_SL_WORD2822_REAL01_F,백구십
NIA_SL_WORD2823_REAL01_F,백구십일
NIA_SL_WORD2824_REAL01_F,백구십이
NIA_SL_WORD2825_REAL01_F,백구십삼
NIA_SL_WORD2826_REAL01_F,백구십사
NIA_SL_WORD2827_REAL01_F,백구십오
NIA_SL_WORD2828_REAL01_F,백구십육
NIA_SL_WORD2829_REAL01_F,백구십칠
NIA_SL_WORD2830_REAL01_F,백구십팔
NIA_SL_WORD2831_REAL01_F,백구십구
NIA_SL_WORD2832_REAL01_F,이백
NIA_SL_WORD2833_REAL01_F,이백십
NIA_SL_WORD2834_REAL01_F,이백이십
NIA_SL_WORD2835_REAL01_F,이백삼십
NIA_SL_WORD2836_REAL01_F,이백사십
NIA_SL_WORD2837_REAL01_F,이백오십
NIA_SL_WORD2838_REAL01_F,이백육십
NIA_SL_WORD2839_REAL01_F,이백칠십
NIA_SL_WORD2840_REAL01_F,이백팔십
NIA_SL_WORD2841_REAL01_F,이백구십
NIA_SL_WORD2842_REAL01_F,삼백
NIA_SL_WORD2843_REAL01_F,삼백십
NIA_SL_WORD2844_REAL01_F,삼백이십
NIA_SL_WORD2845_REAL01_F,삼백삼십
NIA_SL_WORD2846_REAL01_F,삼백사십
NIA_SL_WORD2847_REAL01_F,삼백오십
NIA_SL_WORD2848_REAL01_F,삼백육십
NIA_SL_WORD2849_REAL01_F,삼백칠십
NIA_SL_WORD2850_REAL01_F,삼백팔십
NIA_SL_WORD2851_REAL01_F,삼백구십
NIA_SL_WORD2852_REAL01_F,사백
NIA_SL_WORD2853_REAL01_F,사백오십
NIA_SL_WORD2854_REAL01_F,오백
NIA_SL_WORD2855_REAL01_F,오백오십
NIA_SL_WORD2856_REAL01_F,육백
NIA_SL_WORD2857_REAL01_F,육백오십
NIA_SL_WORD2858_REAL01_F,칠백
NIA_SL_WORD2859_REAL01_F,칠백오십
NIA_SL_WORD2860_REAL01_F,팔백
NIA_SL_WORD2861_REAL01_F,팔백오십
NIA_SL_WORD2862_REAL01_F,구백
NIA_SL_WORD2863_REAL01_F,구백오십
NIA_SL_WORD2864_REAL01_F,천
NIA_SL_WORD2865_REAL01_F,천오백
NIA_SL_WORD2866_REAL01_F,이천
NIA_SL_WORD2867_REAL01_F,이천오백
NIA_SL_WORD2868_REAL01_F,삼천
NIA_SL_WORD2869_REAL01_F,삼천오백
NIA_SL_WORD2870_REAL01_F,사천
NIA_SL_WORD2871_REAL01_F,사천오백
NIA_SL_WORD2872_REAL01_F,오천
NIA_SL_WORD2873_REAL01_F,오천오백
NIA_SL_WORD2874_REAL01_F,육천
NIA_SL_WORD2875_REAL01_F,육천오백
NIA_SL_WORD2876_REAL01_F,칠천
NIA_SL_WORD2877_REAL01_F,칠천오백
NIA_SL_WORD2878_REAL01_F,팔천
NIA_SL_WORD2879_REAL01_F,팔천오백
NIA_SL_WORD2880_REAL01_F,구천
NIA_SL_WORD2881_REAL01_F,구천오백
NIA_SL_WORD2882_REAL01_F,만
NIA_SL_WORD2883_REAL01_F,만오천
NIA_SL_WORD2884_REAL01_F,이만
NIA_SL_WORD2885_REAL01_F,이만오천
NIA_SL_WORD2886_REAL01_F,삼만
NIA_SL_WORD2887_REAL01_F,삼만오천
NIA_SL_WORD2888_REAL01_F,사만
NIA_SL_WORD2889_REAL01_F,사만오천
NIA_SL_WORD2890_REAL01_F,오만
NIA_SL_WORD2891_REAL01_F,오만오천
NIA_SL_WORD2892_REAL01_F,육만
NIA_SL_WORD2893_REAL01_F,육만오천
NIA_SL_WORD2894_REAL01_F,칠만
NIA_SL_WORD2895_REAL01_F,칠만오천
NIA_SL_WORD2896_REAL01_F,팔만
NIA_SL_WORD2897_REAL01_F,팔만오천
NIA_SL_WORD2898_REAL01_F,구만
NIA_SL_WORD2899_REAL01_F,구만오천
NIA_SL_WORD2900_REAL01_F,십만
NIA_SL_WORD2901_REAL01_F,십오만
NIA_SL_WORD2902_REAL01_F,이십만
NIA_SL_WORD2903_REAL01_F,이십오만
NIA_SL_WORD2904_REAL01_F,삼십만
NIA_SL_WORD2905_REAL01_F,삼십오만
NIA_SL_WORD2906_REAL01_F,사십만
NIA_SL_WORD2907_REAL01_F,사십오만
NIA_SL_WORD2908_REAL01_F,오십만
NIA_SL_WORD2909_REAL01_F,오십오만
NIA_SL_WORD2910_REAL01_F,육십만
NIA_SL_WORD2911_REAL01_F,육십오만
NIA_SL_WORD2912_REAL01_F,칠십만
NIA_SL_WORD2913_REAL01_F,칠십오만
NIA_SL_WORD2914_REAL01_F,팔십만
NIA_SL_WORD2915_REAL01_F,팔십오만
NIA_SL_WORD2916_REAL01_F,구십만
NIA_SL_WORD2917_REAL01_F,구십오만
NIA_SL_WORD2918_REAL01_F,백만
NIA_SL_WORD2919_REAL01_F,백오십만
NIA_SL_WORD2920_REAL01_F,이백만
NIA_SL_WORD2921_REAL01_F,이백오십만
NIA_SL_WORD2922_REAL01_F,삼백만
NIA_SL_WORD2923_REAL01_F,삼백오십만
NIA_SL_WORD2924_REAL01_F,사백만
NIA_SL_WORD2925_REAL01_F,사백오십만
NIA_SL_WORD2926_REAL01_F,오백만
NIA_SL_WORD2927_REAL01_F,오백오십만
NIA_SL_WORD2928_REAL01_F,육백만
NIA_SL_WORD2929_REAL01_F,육백오십만
NIA_SL_WORD2930_REAL01_F,칠백만
NIA_SL_WORD2931_REAL01_F,칠백오십만
NIA_SL_WORD2932_REAL01_F,팔백만
NIA_SL_WORD2933_REAL01_F,팔백오십만
NIA_SL_WORD2934_REAL01_F,구백만
NIA_SL_WORD2935_REAL01_F,구백오십만
NIA_SL_WORD2936_REAL01_F,천만
NIA_SL_WORD2937_REAL01_F,천오백만
NIA_SL_WORD2938_REAL01_F,이천만
NIA_SL_WORD2939_REAL01_F,이천오백만
NIA_SL_WORD2940_REAL01_F,삼천만
NIA_SL_WORD2941_REAL01_F,삼천오백만
NIA_SL_WORD2942_REAL01_F,사천만
NIA_SL_WORD2943_REAL01_F,사천오백만
NIA_SL_WORD2944_REAL01_F,오천만
NIA_SL_WORD2945_REAL01_F,오천오백만
NIA_SL_WORD2946_REAL01_F,육천만
NIA_SL_WORD2947_REAL01_F,육천오백만
NIA_SL_WORD2948_REAL01_F,칠천만
NIA_SL_WORD2949_REAL01_F,칠천오백만
NIA_SL_WORD2950_REAL01_F,팔천만
NIA_SL_WORD2951_REAL01_F,팔천오백만
NIA_SL_WORD2952_REAL01_F,구천만
NIA_SL_WORD2953_REAL01_F,구천오백만
NIA_SL_WORD2954_REAL01_F,일억
NIA_SL_WORD2955_REAL01_F,일억오천만
NIA_SL_WORD2956_REAL01_F,이억
NIA_SL_WORD2957_REAL01_F,이억오천만
NIA_SL_WORD2958_REAL01_F,삼억
NIA_SL_WORD2959_REAL01_F,삼억오천만
NIA_SL_WORD2960_REAL01_F,사억
NIA_SL_WORD2961_REAL01_F,사억오천만
NIA_SL_WORD2962_REAL01_F,오억
NIA_SL_WORD2963_REAL01_F,오억오천만
NIA_SL_WORD2964_REAL01_F,육억
NIA_SL_WORD2965_REAL01_F,육억오천만
NIA_SL_WORD2966_REAL01_F,칠억
NIA_SL_WORD2967_REAL01_F,칠억오천만
NIA_SL_WORD2968_REAL01_F,팔억
NIA_SL_WORD2969_REAL01_F,팔억오천만
NIA_SL_WORD2970_REAL01_F,구억
NIA_SL_WORD2971_REAL01_F,구억오천만
NIA_SL_WORD2972_REAL01_F,십억
NIA_SL_WORD2973_REAL01_F,십억
NIA_SL_WORD2974_REAL01_F,십오억
NIA_SL_WORD2975_REAL01_F,이십억
NIA_SL_WORD2976_REAL01_F,이십오억
NIA_SL_WORD2977_REAL01_F,삼십억
NIA_SL_WORD2978_REAL01_F,삼십오억
NIA_SL_WORD2979_REAL01_F,사십억
NIA_SL_WORD2980_REAL01_F,사십오억
NIA_SL_WORD2981_REAL01_F,오십억
NIA_SL_WORD2982_REAL01_F,오십오억
NIA_SL_WORD2983_REAL01_F,육십억
NIA_SL_WORD2984_REAL01_F,육십오억
NIA_SL_WORD2985_REAL01_F,칠십억
NIA_SL_WORD2986_REAL01_F,칠십오억
NIA_SL_WORD2987_REAL01_F,팔십억
NIA_SL_WORD2988_REAL01_F,팔십오억
NIA_SL_WORD2989_REAL01_F,구십억
NIA_SL_WORD2990_REAL01_F,구십오억
NIA_SL_WORD2991_REAL01_F,백억
NIA_SL_WORD2992_REAL01_F,이백억
NIA_SL_WORD2993_REAL01_F,삼백억
NIA_SL_WORD2994_REAL01_F,사백억
NIA_SL_WORD2995_REAL01_F,오백억
NIA_SL_WORD2996_REAL01_F,육백억
NIA_SL_WORD2997_REAL01_F,칠백억
NIA_SL_WORD2998_REAL01_F,팔백억
NIA_SL_WORD2999_REAL01_F,구백억
NIA_SL_WORD3000_REAL01_F,일조
